E-GEOD-54456		SRR1146076	characteristic	disease	normal	http://purl.obolibrary.org/obo/PATO_0000461
E-GEOD-54456		SRR1146076	characteristic	organism	Homo sapiens	http://purl.obolibrary.org/obo/NCBITaxon_9606
E-GEOD-54456		SRR1146076	characteristic	organism part	skin	http://purl.obolibrary.org/obo/UBERON_0000014
E-GEOD-54456		SRR1146076	characteristic	phenotype	normal	http://purl.obolibrary.org/obo/PATO_0000461
E-GEOD-54456		SRR1146076	factor	disease	normal	http://purl.obolibrary.org/obo/PATO_0000461
E-GEOD-54456		SRR1146076	factor	phenotype	normal	http://purl.obolibrary.org/obo/PATO_0000461
E-GEOD-54456		SRR1146077	characteristic	disease	psoriasis	http://www.ebi.ac.uk/efo/EFO_0000676
E-GEOD-54456		SRR1146077	characteristic	organism	Homo sapiens	http://purl.obolibrary.org/obo/NCBITaxon_9606
E-GEOD-54456		SRR1146077	characteristic	organism part	skin	http://purl.obolibrary.org/obo/UBERON_0000014
E-GEOD-54456		SRR1146077	characteristic	phenotype	lesional skin
E-GEOD-54456		SRR1146077	factor	disease	psoriasis	http://www.ebi.ac.uk/efo/EFO_0000676
E-GEOD-54456		SRR1146077	factor	phenotype	lesional skin
E-GEOD-54456		SRR1146078	characteristic	disease	psoriasis	http://www.ebi.ac.uk/efo/EFO_0000676
E-GEOD-54456		SRR1146078	characteristic	organism	Homo sapiens	http://purl.obolibrary.org/obo/NCBITaxon_9606
E-GEOD-54456		SRR1146078	characteristic	organism part	skin	http://purl.obolibrary.org/obo/UBERON_0000014
E-GEOD-54456		SRR1146078	characteristic	phenotype	lesional skin
E-GEOD-54456		SRR1146078	factor	disease	psoriasis	http://www.ebi.ac.uk/efo/EFO_0000676
E-GEOD-54456		SRR1146078	factor	phenotype	lesional skin
E-GEOD-54456		SRR1146079	characteristic	disease	psoriasis	http://www.ebi.ac.uk/efo/EFO_0000676
E-GEOD-54456		SRR1146079	characteristic	organism	Homo sapiens	http://purl.obolibrary.org/obo/NCBITaxon_9606
E-GEOD-54456		SRR1146079	characteristic	organism part	skin	http://purl.obolibrary.org/obo/UBERON_0000014
E-GEOD-54456		SRR1146079	characteristic	phenotype	lesional skin
E-GEOD-54456		SRR1146079	factor	disease	psoriasis	http://www.ebi.ac.uk/efo/EFO_0000676
E-GEOD-54456		SRR1146079	factor	phenotype	lesional skin
E-GEOD-54456		SRR1146080	characteristic	disease	psoriasis	http://www.ebi.ac.uk/efo/EFO_0000676
E-GEOD-54456		SRR1146080	characteristic	organism	Homo sapiens	http://purl.obolibrary.org/obo/NCBITaxon_9606
E-GEOD-54456		SRR1146080	characteristic	organism part	skin	http://purl.obolibrary.org/obo/UBERON_0000014
E-GEOD-54456		SRR1146080	characteristic	phenotype	lesional skin
E-GEOD-54456		SRR1146080	factor	disease	psoriasis	http://www.ebi.ac.uk/efo/EFO_0000676
E-GEOD-54456		SRR1146080	factor	phenotype	lesional skin
E-GEOD-54456		SRR1146081	characteristic	disease	psoriasis	http://www.ebi.ac.uk/efo/EFO_0000676
E-GEOD-54456		SRR1146081	characteristic	organism	Homo sapiens	http://purl.obolibrary.org/obo/NCBITaxon_9606
E-GEOD-54456		SRR1146081	characteristic	organism part	skin	http://purl.obolibrary.org/obo/UBERON_0000014
E-GEOD-54456		SRR1146081	characteristic	phenotype	lesional skin
E-GEOD-54456		SRR1146081	factor	disease	psoriasis	http://www.ebi.ac.uk/efo/EFO_0000676
E-GEOD-54456		SRR1146081	factor	phenotype	lesional skin
E-GEOD-54456		SRR1146082	characteristic	disease	psoriasis	http://www.ebi.ac.uk/efo/EFO_0000676
E-GEOD-54456		SRR1146082	characteristic	organism	Homo sapiens	http://purl.obolibrary.org/obo/NCBITaxon_9606
E-GEOD-54456		SRR1146082	characteristic	organism part	skin	http://purl.obolibrary.org/obo/UBERON_0000014
E-GEOD-54456		SRR1146082	characteristic	phenotype	lesional skin
E-GEOD-54456		SRR1146082	factor	disease	psoriasis	http://www.ebi.ac.uk/efo/EFO_0000676
E-GEOD-54456		SRR1146082	factor	phenotype	lesional skin
E-GEOD-54456		SRR1146083	characteristic	disease	psoriasis	http://www.ebi.ac.uk/efo/EFO_0000676
E-GEOD-54456		SRR1146083	characteristic	organism	Homo sapiens	http://purl.obolibrary.org/obo/NCBITaxon_9606
E-GEOD-54456		SRR1146083	characteristic	organism part	skin	http://purl.obolibrary.org/obo/UBERON_0000014
E-GEOD-54456		SRR1146083	characteristic	phenotype	lesional skin
E-GEOD-54456		SRR1146083	factor	disease	psoriasis	http://www.ebi.ac.uk/efo/EFO_0000676
E-GEOD-54456		SRR1146083	factor	phenotype	lesional skin
E-GEOD-54456		SRR1146084	characteristic	disease	psoriasis	http://www.ebi.ac.uk/efo/EFO_0000676
E-GEOD-54456		SRR1146084	characteristic	organism	Homo sapiens	http://purl.obolibrary.org/obo/NCBITaxon_9606
E-GEOD-54456		SRR1146084	characteristic	organism part	skin	http://purl.obolibrary.org/obo/UBERON_0000014
E-GEOD-54456		SRR1146084	characteristic	phenotype	lesional skin
E-GEOD-54456		SRR1146084	factor	disease	psoriasis	http://www.ebi.ac.uk/efo/EFO_0000676
E-GEOD-54456		SRR1146084	factor	phenotype	lesional skin
E-GEOD-54456		SRR1146085	characteristic	disease	normal	http://purl.obolibrary.org/obo/PATO_0000461
E-GEOD-54456		SRR1146085	characteristic	organism	Homo sapiens	http://purl.obolibrary.org/obo/NCBITaxon_9606
E-GEOD-54456		SRR1146085	characteristic	organism part	skin	http://purl.obolibrary.org/obo/UBERON_0000014
E-GEOD-54456		SRR1146085	characteristic	phenotype	normal	http://purl.obolibrary.org/obo/PATO_0000461
E-GEOD-54456		SRR1146085	factor	disease	normal	http://purl.obolibrary.org/obo/PATO_0000461
E-GEOD-54456		SRR1146085	factor	phenotype	normal	http://purl.obolibrary.org/obo/PATO_0000461
E-GEOD-54456		SRR1146086	characteristic	disease	normal	http://purl.obolibrary.org/obo/PATO_0000461
E-GEOD-54456		SRR1146086	characteristic	organism	Homo sapiens	http://purl.obolibrary.org/obo/NCBITaxon_9606
E-GEOD-54456		SRR1146086	characteristic	organism part	skin	http://purl.obolibrary.org/obo/UBERON_0000014
E-GEOD-54456		SRR1146086	characteristic	phenotype	normal	http://purl.obolibrary.org/obo/PATO_0000461
E-GEOD-54456		SRR1146086	factor	disease	normal	http://purl.obolibrary.org/obo/PATO_0000461
E-GEOD-54456		SRR1146086	factor	phenotype	normal	http://purl.obolibrary.org/obo/PATO_0000461
E-GEOD-54456		SRR1146087	characteristic	disease	psoriasis	http://www.ebi.ac.uk/efo/EFO_0000676
E-GEOD-54456		SRR1146087	characteristic	organism	Homo sapiens	http://purl.obolibrary.org/obo/NCBITaxon_9606
E-GEOD-54456		SRR1146087	characteristic	organism part	skin	http://purl.obolibrary.org/obo/UBERON_0000014
E-GEOD-54456		SRR1146087	characteristic	phenotype	lesional skin
E-GEOD-54456		SRR1146087	factor	disease	psoriasis	http://www.ebi.ac.uk/efo/EFO_0000676
E-GEOD-54456		SRR1146087	factor	phenotype	lesional skin
E-GEOD-54456		SRR1146088	characteristic	disease	normal	http://purl.obolibrary.org/obo/PATO_0000461
E-GEOD-54456		SRR1146088	characteristic	organism	Homo sapiens	http://purl.obolibrary.org/obo/NCBITaxon_9606
E-GEOD-54456		SRR1146088	characteristic	organism part	skin	http://purl.obolibrary.org/obo/UBERON_0000014
E-GEOD-54456		SRR1146088	characteristic	phenotype	normal	http://purl.obolibrary.org/obo/PATO_0000461
E-GEOD-54456		SRR1146088	factor	disease	normal	http://purl.obolibrary.org/obo/PATO_0000461
E-GEOD-54456		SRR1146088	factor	phenotype	normal	http://purl.obolibrary.org/obo/PATO_0000461
E-GEOD-54456		SRR1146089	characteristic	disease	psoriasis	http://www.ebi.ac.uk/efo/EFO_0000676
E-GEOD-54456		SRR1146089	characteristic	organism	Homo sapiens	http://purl.obolibrary.org/obo/NCBITaxon_9606
E-GEOD-54456		SRR1146089	characteristic	organism part	skin	http://purl.obolibrary.org/obo/UBERON_0000014
E-GEOD-54456		SRR1146089	characteristic	phenotype	lesional skin
E-GEOD-54456		SRR1146089	factor	disease	psoriasis	http://www.ebi.ac.uk/efo/EFO_0000676
E-GEOD-54456		SRR1146089	factor	phenotype	lesional skin
E-GEOD-54456		SRR1146090	characteristic	disease	psoriasis	http://www.ebi.ac.uk/efo/EFO_0000676
E-GEOD-54456		SRR1146090	characteristic	organism	Homo sapiens	http://purl.obolibrary.org/obo/NCBITaxon_9606
E-GEOD-54456		SRR1146090	characteristic	organism part	skin	http://purl.obolibrary.org/obo/UBERON_0000014
E-GEOD-54456		SRR1146090	characteristic	phenotype	lesional skin
E-GEOD-54456		SRR1146090	factor	disease	psoriasis	http://www.ebi.ac.uk/efo/EFO_0000676
E-GEOD-54456		SRR1146090	factor	phenotype	lesional skin
E-GEOD-54456		SRR1146091	characteristic	disease	psoriasis	http://www.ebi.ac.uk/efo/EFO_0000676
E-GEOD-54456		SRR1146091	characteristic	organism	Homo sapiens	http://purl.obolibrary.org/obo/NCBITaxon_9606
E-GEOD-54456		SRR1146091	characteristic	organism part	skin	http://purl.obolibrary.org/obo/UBERON_0000014
E-GEOD-54456		SRR1146091	characteristic	phenotype	lesional skin
E-GEOD-54456		SRR1146091	factor	disease	psoriasis	http://www.ebi.ac.uk/efo/EFO_0000676
E-GEOD-54456		SRR1146091	factor	phenotype	lesional skin
E-GEOD-54456		SRR1146092	characteristic	disease	psoriasis	http://www.ebi.ac.uk/efo/EFO_0000676
E-GEOD-54456		SRR1146092	characteristic	organism	Homo sapiens	http://purl.obolibrary.org/obo/NCBITaxon_9606
E-GEOD-54456		SRR1146092	characteristic	organism part	skin	http://purl.obolibrary.org/obo/UBERON_0000014
E-GEOD-54456		SRR1146092	characteristic	phenotype	lesional skin
E-GEOD-54456		SRR1146092	factor	disease	psoriasis	http://www.ebi.ac.uk/efo/EFO_0000676
E-GEOD-54456		SRR1146092	factor	phenotype	lesional skin
E-GEOD-54456		SRR1146093	characteristic	disease	psoriasis	http://www.ebi.ac.uk/efo/EFO_0000676
E-GEOD-54456		SRR1146093	characteristic	organism	Homo sapiens	http://purl.obolibrary.org/obo/NCBITaxon_9606
E-GEOD-54456		SRR1146093	characteristic	organism part	skin	http://purl.obolibrary.org/obo/UBERON_0000014
E-GEOD-54456		SRR1146093	characteristic	phenotype	lesional skin
E-GEOD-54456		SRR1146093	factor	disease	psoriasis	http://www.ebi.ac.uk/efo/EFO_0000676
E-GEOD-54456		SRR1146093	factor	phenotype	lesional skin
E-GEOD-54456		SRR1146094	characteristic	disease	psoriasis	http://www.ebi.ac.uk/efo/EFO_0000676
E-GEOD-54456		SRR1146094	characteristic	organism	Homo sapiens	http://purl.obolibrary.org/obo/NCBITaxon_9606
E-GEOD-54456		SRR1146094	characteristic	organism part	skin	http://purl.obolibrary.org/obo/UBERON_0000014
E-GEOD-54456		SRR1146094	characteristic	phenotype	lesional skin
E-GEOD-54456		SRR1146094	factor	disease	psoriasis	http://www.ebi.ac.uk/efo/EFO_0000676
E-GEOD-54456		SRR1146094	factor	phenotype	lesional skin
E-GEOD-54456		SRR1146095	characteristic	disease	psoriasis	http://www.ebi.ac.uk/efo/EFO_0000676
E-GEOD-54456		SRR1146095	characteristic	organism	Homo sapiens	http://purl.obolibrary.org/obo/NCBITaxon_9606
E-GEOD-54456		SRR1146095	characteristic	organism part	skin	http://purl.obolibrary.org/obo/UBERON_0000014
E-GEOD-54456		SRR1146095	characteristic	phenotype	lesional skin
E-GEOD-54456		SRR1146095	factor	disease	psoriasis	http://www.ebi.ac.uk/efo/EFO_0000676
E-GEOD-54456		SRR1146095	factor	phenotype	lesional skin
E-GEOD-54456		SRR1146096	characteristic	disease	normal	http://purl.obolibrary.org/obo/PATO_0000461
E-GEOD-54456		SRR1146096	characteristic	organism	Homo sapiens	http://purl.obolibrary.org/obo/NCBITaxon_9606
E-GEOD-54456		SRR1146096	characteristic	organism part	skin	http://purl.obolibrary.org/obo/UBERON_0000014
E-GEOD-54456		SRR1146096	characteristic	phenotype	normal	http://purl.obolibrary.org/obo/PATO_0000461
E-GEOD-54456		SRR1146096	factor	disease	normal	http://purl.obolibrary.org/obo/PATO_0000461
E-GEOD-54456		SRR1146096	factor	phenotype	normal	http://purl.obolibrary.org/obo/PATO_0000461
E-GEOD-54456		SRR1146097	characteristic	disease	psoriasis	http://www.ebi.ac.uk/efo/EFO_0000676
E-GEOD-54456		SRR1146097	characteristic	organism	Homo sapiens	http://purl.obolibrary.org/obo/NCBITaxon_9606
E-GEOD-54456		SRR1146097	characteristic	organism part	skin	http://purl.obolibrary.org/obo/UBERON_0000014
E-GEOD-54456		SRR1146097	characteristic	phenotype	lesional skin
E-GEOD-54456		SRR1146097	factor	disease	psoriasis	http://www.ebi.ac.uk/efo/EFO_0000676
E-GEOD-54456		SRR1146097	factor	phenotype	lesional skin
E-GEOD-54456		SRR1146098	characteristic	disease	psoriasis	http://www.ebi.ac.uk/efo/EFO_0000676
E-GEOD-54456		SRR1146098	characteristic	organism	Homo sapiens	http://purl.obolibrary.org/obo/NCBITaxon_9606
E-GEOD-54456		SRR1146098	characteristic	organism part	skin	http://purl.obolibrary.org/obo/UBERON_0000014
E-GEOD-54456		SRR1146098	characteristic	phenotype	lesional skin
E-GEOD-54456		SRR1146098	factor	disease	psoriasis	http://www.ebi.ac.uk/efo/EFO_0000676
E-GEOD-54456		SRR1146098	factor	phenotype	lesional skin
E-GEOD-54456		SRR1146099	characteristic	disease	psoriasis	http://www.ebi.ac.uk/efo/EFO_0000676
E-GEOD-54456		SRR1146099	characteristic	organism	Homo sapiens	http://purl.obolibrary.org/obo/NCBITaxon_9606
E-GEOD-54456		SRR1146099	characteristic	organism part	skin	http://purl.obolibrary.org/obo/UBERON_0000014
E-GEOD-54456		SRR1146099	characteristic	phenotype	lesional skin
E-GEOD-54456		SRR1146099	factor	disease	psoriasis	http://www.ebi.ac.uk/efo/EFO_0000676
E-GEOD-54456		SRR1146099	factor	phenotype	lesional skin
E-GEOD-54456		SRR1146100	characteristic	disease	psoriasis	http://www.ebi.ac.uk/efo/EFO_0000676
E-GEOD-54456		SRR1146100	characteristic	organism	Homo sapiens	http://purl.obolibrary.org/obo/NCBITaxon_9606
E-GEOD-54456		SRR1146100	characteristic	organism part	skin	http://purl.obolibrary.org/obo/UBERON_0000014
E-GEOD-54456		SRR1146100	characteristic	phenotype	lesional skin
E-GEOD-54456		SRR1146100	factor	disease	psoriasis	http://www.ebi.ac.uk/efo/EFO_0000676
E-GEOD-54456		SRR1146100	factor	phenotype	lesional skin
E-GEOD-54456		SRR1146101	characteristic	disease	normal	http://purl.obolibrary.org/obo/PATO_0000461
E-GEOD-54456		SRR1146101	characteristic	organism	Homo sapiens	http://purl.obolibrary.org/obo/NCBITaxon_9606
E-GEOD-54456		SRR1146101	characteristic	organism part	skin	http://purl.obolibrary.org/obo/UBERON_0000014
E-GEOD-54456		SRR1146101	characteristic	phenotype	normal	http://purl.obolibrary.org/obo/PATO_0000461
E-GEOD-54456		SRR1146101	factor	disease	normal	http://purl.obolibrary.org/obo/PATO_0000461
E-GEOD-54456		SRR1146101	factor	phenotype	normal	http://purl.obolibrary.org/obo/PATO_0000461
E-GEOD-54456		SRR1146102	characteristic	disease	psoriasis	http://www.ebi.ac.uk/efo/EFO_0000676
E-GEOD-54456		SRR1146102	characteristic	organism	Homo sapiens	http://purl.obolibrary.org/obo/NCBITaxon_9606
E-GEOD-54456		SRR1146102	characteristic	organism part	skin	http://purl.obolibrary.org/obo/UBERON_0000014
E-GEOD-54456		SRR1146102	characteristic	phenotype	lesional skin
E-GEOD-54456		SRR1146102	factor	disease	psoriasis	http://www.ebi.ac.uk/efo/EFO_0000676
E-GEOD-54456		SRR1146102	factor	phenotype	lesional skin
E-GEOD-54456		SRR1146103	characteristic	disease	psoriasis	http://www.ebi.ac.uk/efo/EFO_0000676
E-GEOD-54456		SRR1146103	characteristic	organism	Homo sapiens	http://purl.obolibrary.org/obo/NCBITaxon_9606
E-GEOD-54456		SRR1146103	characteristic	organism part	skin	http://purl.obolibrary.org/obo/UBERON_0000014
E-GEOD-54456		SRR1146103	characteristic	phenotype	lesional skin
E-GEOD-54456		SRR1146103	factor	disease	psoriasis	http://www.ebi.ac.uk/efo/EFO_0000676
E-GEOD-54456		SRR1146103	factor	phenotype	lesional skin
E-GEOD-54456		SRR1146104	characteristic	disease	psoriasis	http://www.ebi.ac.uk/efo/EFO_0000676
E-GEOD-54456		SRR1146104	characteristic	organism	Homo sapiens	http://purl.obolibrary.org/obo/NCBITaxon_9606
E-GEOD-54456		SRR1146104	characteristic	organism part	skin	http://purl.obolibrary.org/obo/UBERON_0000014
E-GEOD-54456		SRR1146104	characteristic	phenotype	lesional skin
E-GEOD-54456		SRR1146104	factor	disease	psoriasis	http://www.ebi.ac.uk/efo/EFO_0000676
E-GEOD-54456		SRR1146104	factor	phenotype	lesional skin
E-GEOD-54456		SRR1146105	characteristic	disease	psoriasis	http://www.ebi.ac.uk/efo/EFO_0000676
E-GEOD-54456		SRR1146105	characteristic	organism	Homo sapiens	http://purl.obolibrary.org/obo/NCBITaxon_9606
E-GEOD-54456		SRR1146105	characteristic	organism part	skin	http://purl.obolibrary.org/obo/UBERON_0000014
E-GEOD-54456		SRR1146105	characteristic	phenotype	lesional skin
E-GEOD-54456		SRR1146105	factor	disease	psoriasis	http://www.ebi.ac.uk/efo/EFO_0000676
E-GEOD-54456		SRR1146105	factor	phenotype	lesional skin
E-GEOD-54456		SRR1146106	characteristic	disease	normal	http://purl.obolibrary.org/obo/PATO_0000461
E-GEOD-54456		SRR1146106	characteristic	organism	Homo sapiens	http://purl.obolibrary.org/obo/NCBITaxon_9606
E-GEOD-54456		SRR1146106	characteristic	organism part	skin	http://purl.obolibrary.org/obo/UBERON_0000014
E-GEOD-54456		SRR1146106	characteristic	phenotype	normal	http://purl.obolibrary.org/obo/PATO_0000461
E-GEOD-54456		SRR1146106	factor	disease	normal	http://purl.obolibrary.org/obo/PATO_0000461
E-GEOD-54456		SRR1146106	factor	phenotype	normal	http://purl.obolibrary.org/obo/PATO_0000461
E-GEOD-54456		SRR1146107	characteristic	disease	normal	http://purl.obolibrary.org/obo/PATO_0000461
E-GEOD-54456		SRR1146107	characteristic	organism	Homo sapiens	http://purl.obolibrary.org/obo/NCBITaxon_9606
E-GEOD-54456		SRR1146107	characteristic	organism part	skin	http://purl.obolibrary.org/obo/UBERON_0000014
E-GEOD-54456		SRR1146107	characteristic	phenotype	normal	http://purl.obolibrary.org/obo/PATO_0000461
E-GEOD-54456		SRR1146107	factor	disease	normal	http://purl.obolibrary.org/obo/PATO_0000461
E-GEOD-54456		SRR1146107	factor	phenotype	normal	http://purl.obolibrary.org/obo/PATO_0000461
E-GEOD-54456		SRR1146108	characteristic	disease	normal	http://purl.obolibrary.org/obo/PATO_0000461
E-GEOD-54456		SRR1146108	characteristic	organism	Homo sapiens	http://purl.obolibrary.org/obo/NCBITaxon_9606
E-GEOD-54456		SRR1146108	characteristic	organism part	skin	http://purl.obolibrary.org/obo/UBERON_0000014
E-GEOD-54456		SRR1146108	characteristic	phenotype	normal	http://purl.obolibrary.org/obo/PATO_0000461
E-GEOD-54456		SRR1146108	factor	disease	normal	http://purl.obolibrary.org/obo/PATO_0000461
E-GEOD-54456		SRR1146108	factor	phenotype	normal	http://purl.obolibrary.org/obo/PATO_0000461
E-GEOD-54456		SRR1146109	characteristic	disease	normal	http://purl.obolibrary.org/obo/PATO_0000461
E-GEOD-54456		SRR1146109	characteristic	organism	Homo sapiens	http://purl.obolibrary.org/obo/NCBITaxon_9606
E-GEOD-54456		SRR1146109	characteristic	organism part	skin	http://purl.obolibrary.org/obo/UBERON_0000014
E-GEOD-54456		SRR1146109	characteristic	phenotype	normal	http://purl.obolibrary.org/obo/PATO_0000461
E-GEOD-54456		SRR1146109	factor	disease	normal	http://purl.obolibrary.org/obo/PATO_0000461
E-GEOD-54456		SRR1146109	factor	phenotype	normal	http://purl.obolibrary.org/obo/PATO_0000461
E-GEOD-54456		SRR1146110	characteristic	disease	psoriasis	http://www.ebi.ac.uk/efo/EFO_0000676
E-GEOD-54456		SRR1146110	characteristic	organism	Homo sapiens	http://purl.obolibrary.org/obo/NCBITaxon_9606
E-GEOD-54456		SRR1146110	characteristic	organism part	skin	http://purl.obolibrary.org/obo/UBERON_0000014
E-GEOD-54456		SRR1146110	characteristic	phenotype	lesional skin
E-GEOD-54456		SRR1146110	factor	disease	psoriasis	http://www.ebi.ac.uk/efo/EFO_0000676
E-GEOD-54456		SRR1146110	factor	phenotype	lesional skin
E-GEOD-54456		SRR1146111	characteristic	disease	normal	http://purl.obolibrary.org/obo/PATO_0000461
E-GEOD-54456		SRR1146111	characteristic	organism	Homo sapiens	http://purl.obolibrary.org/obo/NCBITaxon_9606
E-GEOD-54456		SRR1146111	characteristic	organism part	skin	http://purl.obolibrary.org/obo/UBERON_0000014
E-GEOD-54456		SRR1146111	characteristic	phenotype	normal	http://purl.obolibrary.org/obo/PATO_0000461
E-GEOD-54456		SRR1146111	factor	disease	normal	http://purl.obolibrary.org/obo/PATO_0000461
E-GEOD-54456		SRR1146111	factor	phenotype	normal	http://purl.obolibrary.org/obo/PATO_0000461
E-GEOD-54456		SRR1146112	characteristic	disease	psoriasis	http://www.ebi.ac.uk/efo/EFO_0000676
E-GEOD-54456		SRR1146112	characteristic	organism	Homo sapiens	http://purl.obolibrary.org/obo/NCBITaxon_9606
E-GEOD-54456		SRR1146112	characteristic	organism part	skin	http://purl.obolibrary.org/obo/UBERON_0000014
E-GEOD-54456		SRR1146112	characteristic	phenotype	lesional skin
E-GEOD-54456		SRR1146112	factor	disease	psoriasis	http://www.ebi.ac.uk/efo/EFO_0000676
E-GEOD-54456		SRR1146112	factor	phenotype	lesional skin
E-GEOD-54456		SRR1146113	characteristic	disease	normal	http://purl.obolibrary.org/obo/PATO_0000461
E-GEOD-54456		SRR1146113	characteristic	organism	Homo sapiens	http://purl.obolibrary.org/obo/NCBITaxon_9606
E-GEOD-54456		SRR1146113	characteristic	organism part	skin	http://purl.obolibrary.org/obo/UBERON_0000014
E-GEOD-54456		SRR1146113	characteristic	phenotype	normal	http://purl.obolibrary.org/obo/PATO_0000461
E-GEOD-54456		SRR1146113	factor	disease	normal	http://purl.obolibrary.org/obo/PATO_0000461
E-GEOD-54456		SRR1146113	factor	phenotype	normal	http://purl.obolibrary.org/obo/PATO_0000461
E-GEOD-54456		SRR1146114	characteristic	disease	normal	http://purl.obolibrary.org/obo/PATO_0000461
E-GEOD-54456		SRR1146114	characteristic	organism	Homo sapiens	http://purl.obolibrary.org/obo/NCBITaxon_9606
E-GEOD-54456		SRR1146114	characteristic	organism part	skin	http://purl.obolibrary.org/obo/UBERON_0000014
E-GEOD-54456		SRR1146114	characteristic	phenotype	normal	http://purl.obolibrary.org/obo/PATO_0000461
E-GEOD-54456		SRR1146114	factor	disease	normal	http://purl.obolibrary.org/obo/PATO_0000461
E-GEOD-54456		SRR1146114	factor	phenotype	normal	http://purl.obolibrary.org/obo/PATO_0000461
E-GEOD-54456		SRR1146115	characteristic	disease	normal	http://purl.obolibrary.org/obo/PATO_0000461
E-GEOD-54456		SRR1146115	characteristic	organism	Homo sapiens	http://purl.obolibrary.org/obo/NCBITaxon_9606
E-GEOD-54456		SRR1146115	characteristic	organism part	skin	http://purl.obolibrary.org/obo/UBERON_0000014
E-GEOD-54456		SRR1146115	characteristic	phenotype	normal	http://purl.obolibrary.org/obo/PATO_0000461
E-GEOD-54456		SRR1146115	factor	disease	normal	http://purl.obolibrary.org/obo/PATO_0000461
E-GEOD-54456		SRR1146115	factor	phenotype	normal	http://purl.obolibrary.org/obo/PATO_0000461
E-GEOD-54456		SRR1146116	characteristic	disease	normal	http://purl.obolibrary.org/obo/PATO_0000461
E-GEOD-54456		SRR1146116	characteristic	organism	Homo sapiens	http://purl.obolibrary.org/obo/NCBITaxon_9606
E-GEOD-54456		SRR1146116	characteristic	organism part	skin	http://purl.obolibrary.org/obo/UBERON_0000014
E-GEOD-54456		SRR1146116	characteristic	phenotype	normal	http://purl.obolibrary.org/obo/PATO_0000461
E-GEOD-54456		SRR1146116	factor	disease	normal	http://purl.obolibrary.org/obo/PATO_0000461
E-GEOD-54456		SRR1146116	factor	phenotype	normal	http://purl.obolibrary.org/obo/PATO_0000461
E-GEOD-54456		SRR1146117	characteristic	disease	normal	http://purl.obolibrary.org/obo/PATO_0000461
E-GEOD-54456		SRR1146117	characteristic	organism	Homo sapiens	http://purl.obolibrary.org/obo/NCBITaxon_9606
E-GEOD-54456		SRR1146117	characteristic	organism part	skin	http://purl.obolibrary.org/obo/UBERON_0000014
E-GEOD-54456		SRR1146117	characteristic	phenotype	normal	http://purl.obolibrary.org/obo/PATO_0000461
E-GEOD-54456		SRR1146117	factor	disease	normal	http://purl.obolibrary.org/obo/PATO_0000461
E-GEOD-54456		SRR1146117	factor	phenotype	normal	http://purl.obolibrary.org/obo/PATO_0000461
E-GEOD-54456		SRR1146118	characteristic	disease	normal	http://purl.obolibrary.org/obo/PATO_0000461
E-GEOD-54456		SRR1146118	characteristic	organism	Homo sapiens	http://purl.obolibrary.org/obo/NCBITaxon_9606
E-GEOD-54456		SRR1146118	characteristic	organism part	skin	http://purl.obolibrary.org/obo/UBERON_0000014
E-GEOD-54456		SRR1146118	characteristic	phenotype	normal	http://purl.obolibrary.org/obo/PATO_0000461
E-GEOD-54456		SRR1146118	factor	disease	normal	http://purl.obolibrary.org/obo/PATO_0000461
E-GEOD-54456		SRR1146118	factor	phenotype	normal	http://purl.obolibrary.org/obo/PATO_0000461
E-GEOD-54456		SRR1146119	characteristic	disease	psoriasis	http://www.ebi.ac.uk/efo/EFO_0000676
E-GEOD-54456		SRR1146119	characteristic	organism	Homo sapiens	http://purl.obolibrary.org/obo/NCBITaxon_9606
E-GEOD-54456		SRR1146119	characteristic	organism part	skin	http://purl.obolibrary.org/obo/UBERON_0000014
E-GEOD-54456		SRR1146119	characteristic	phenotype	lesional skin
E-GEOD-54456		SRR1146119	factor	disease	psoriasis	http://www.ebi.ac.uk/efo/EFO_0000676
E-GEOD-54456		SRR1146119	factor	phenotype	lesional skin
E-GEOD-54456		SRR1146120	characteristic	disease	normal	http://purl.obolibrary.org/obo/PATO_0000461
E-GEOD-54456		SRR1146120	characteristic	organism	Homo sapiens	http://purl.obolibrary.org/obo/NCBITaxon_9606
E-GEOD-54456		SRR1146120	characteristic	organism part	skin	http://purl.obolibrary.org/obo/UBERON_0000014
E-GEOD-54456		SRR1146120	characteristic	phenotype	normal	http://purl.obolibrary.org/obo/PATO_0000461
E-GEOD-54456		SRR1146120	factor	disease	normal	http://purl.obolibrary.org/obo/PATO_0000461
E-GEOD-54456		SRR1146120	factor	phenotype	normal	http://purl.obolibrary.org/obo/PATO_0000461
E-GEOD-54456		SRR1146121	characteristic	disease	normal	http://purl.obolibrary.org/obo/PATO_0000461
E-GEOD-54456		SRR1146121	characteristic	organism	Homo sapiens	http://purl.obolibrary.org/obo/NCBITaxon_9606
E-GEOD-54456		SRR1146121	characteristic	organism part	skin	http://purl.obolibrary.org/obo/UBERON_0000014
E-GEOD-54456		SRR1146121	characteristic	phenotype	normal	http://purl.obolibrary.org/obo/PATO_0000461
E-GEOD-54456		SRR1146121	factor	disease	normal	http://purl.obolibrary.org/obo/PATO_0000461
E-GEOD-54456		SRR1146121	factor	phenotype	normal	http://purl.obolibrary.org/obo/PATO_0000461
E-GEOD-54456		SRR1146122	characteristic	disease	normal	http://purl.obolibrary.org/obo/PATO_0000461
E-GEOD-54456		SRR1146122	characteristic	organism	Homo sapiens	http://purl.obolibrary.org/obo/NCBITaxon_9606
E-GEOD-54456		SRR1146122	characteristic	organism part	skin	http://purl.obolibrary.org/obo/UBERON_0000014
E-GEOD-54456		SRR1146122	characteristic	phenotype	normal	http://purl.obolibrary.org/obo/PATO_0000461
E-GEOD-54456		SRR1146122	factor	disease	normal	http://purl.obolibrary.org/obo/PATO_0000461
E-GEOD-54456		SRR1146122	factor	phenotype	normal	http://purl.obolibrary.org/obo/PATO_0000461
E-GEOD-54456		SRR1146123	characteristic	disease	psoriasis	http://www.ebi.ac.uk/efo/EFO_0000676
E-GEOD-54456		SRR1146123	characteristic	organism	Homo sapiens	http://purl.obolibrary.org/obo/NCBITaxon_9606
E-GEOD-54456		SRR1146123	characteristic	organism part	skin	http://purl.obolibrary.org/obo/UBERON_0000014
E-GEOD-54456		SRR1146123	characteristic	phenotype	lesional skin
E-GEOD-54456		SRR1146123	factor	disease	psoriasis	http://www.ebi.ac.uk/efo/EFO_0000676
E-GEOD-54456		SRR1146123	factor	phenotype	lesional skin
E-GEOD-54456		SRR1146124	characteristic	disease	psoriasis	http://www.ebi.ac.uk/efo/EFO_0000676
E-GEOD-54456		SRR1146124	characteristic	organism	Homo sapiens	http://purl.obolibrary.org/obo/NCBITaxon_9606
E-GEOD-54456		SRR1146124	characteristic	organism part	skin	http://purl.obolibrary.org/obo/UBERON_0000014
E-GEOD-54456		SRR1146124	characteristic	phenotype	lesional skin
E-GEOD-54456		SRR1146124	factor	disease	psoriasis	http://www.ebi.ac.uk/efo/EFO_0000676
E-GEOD-54456		SRR1146124	factor	phenotype	lesional skin
E-GEOD-54456		SRR1146125	characteristic	disease	normal	http://purl.obolibrary.org/obo/PATO_0000461
E-GEOD-54456		SRR1146125	characteristic	organism	Homo sapiens	http://purl.obolibrary.org/obo/NCBITaxon_9606
E-GEOD-54456		SRR1146125	characteristic	organism part	skin	http://purl.obolibrary.org/obo/UBERON_0000014
E-GEOD-54456		SRR1146125	characteristic	phenotype	normal	http://purl.obolibrary.org/obo/PATO_0000461
E-GEOD-54456		SRR1146125	factor	disease	normal	http://purl.obolibrary.org/obo/PATO_0000461
E-GEOD-54456		SRR1146125	factor	phenotype	normal	http://purl.obolibrary.org/obo/PATO_0000461
E-GEOD-54456		SRR1146126	characteristic	disease	normal	http://purl.obolibrary.org/obo/PATO_0000461
E-GEOD-54456		SRR1146126	characteristic	organism	Homo sapiens	http://purl.obolibrary.org/obo/NCBITaxon_9606
E-GEOD-54456		SRR1146126	characteristic	organism part	skin	http://purl.obolibrary.org/obo/UBERON_0000014
E-GEOD-54456		SRR1146126	characteristic	phenotype	normal	http://purl.obolibrary.org/obo/PATO_0000461
E-GEOD-54456		SRR1146126	factor	disease	normal	http://purl.obolibrary.org/obo/PATO_0000461
E-GEOD-54456		SRR1146126	factor	phenotype	normal	http://purl.obolibrary.org/obo/PATO_0000461
E-GEOD-54456		SRR1146127	characteristic	disease	normal	http://purl.obolibrary.org/obo/PATO_0000461
E-GEOD-54456		SRR1146127	characteristic	organism	Homo sapiens	http://purl.obolibrary.org/obo/NCBITaxon_9606
E-GEOD-54456		SRR1146127	characteristic	organism part	skin	http://purl.obolibrary.org/obo/UBERON_0000014
E-GEOD-54456		SRR1146127	characteristic	phenotype	normal	http://purl.obolibrary.org/obo/PATO_0000461
E-GEOD-54456		SRR1146127	factor	disease	normal	http://purl.obolibrary.org/obo/PATO_0000461
E-GEOD-54456		SRR1146127	factor	phenotype	normal	http://purl.obolibrary.org/obo/PATO_0000461
E-GEOD-54456		SRR1146128	characteristic	disease	psoriasis	http://www.ebi.ac.uk/efo/EFO_0000676
E-GEOD-54456		SRR1146128	characteristic	organism	Homo sapiens	http://purl.obolibrary.org/obo/NCBITaxon_9606
E-GEOD-54456		SRR1146128	characteristic	organism part	skin	http://purl.obolibrary.org/obo/UBERON_0000014
E-GEOD-54456		SRR1146128	characteristic	phenotype	lesional skin
E-GEOD-54456		SRR1146128	factor	disease	psoriasis	http://www.ebi.ac.uk/efo/EFO_0000676
E-GEOD-54456		SRR1146128	factor	phenotype	lesional skin
E-GEOD-54456		SRR1146129	characteristic	disease	psoriasis	http://www.ebi.ac.uk/efo/EFO_0000676
E-GEOD-54456		SRR1146129	characteristic	organism	Homo sapiens	http://purl.obolibrary.org/obo/NCBITaxon_9606
E-GEOD-54456		SRR1146129	characteristic	organism part	skin	http://purl.obolibrary.org/obo/UBERON_0000014
E-GEOD-54456		SRR1146129	characteristic	phenotype	lesional skin
E-GEOD-54456		SRR1146129	factor	disease	psoriasis	http://www.ebi.ac.uk/efo/EFO_0000676
E-GEOD-54456		SRR1146129	factor	phenotype	lesional skin
E-GEOD-54456		SRR1146130	characteristic	disease	normal	http://purl.obolibrary.org/obo/PATO_0000461
E-GEOD-54456		SRR1146130	characteristic	organism	Homo sapiens	http://purl.obolibrary.org/obo/NCBITaxon_9606
E-GEOD-54456		SRR1146130	characteristic	organism part	skin	http://purl.obolibrary.org/obo/UBERON_0000014
E-GEOD-54456		SRR1146130	characteristic	phenotype	normal	http://purl.obolibrary.org/obo/PATO_0000461
E-GEOD-54456		SRR1146130	factor	disease	normal	http://purl.obolibrary.org/obo/PATO_0000461
E-GEOD-54456		SRR1146130	factor	phenotype	normal	http://purl.obolibrary.org/obo/PATO_0000461
E-GEOD-54456		SRR1146131	characteristic	disease	normal	http://purl.obolibrary.org/obo/PATO_0000461
E-GEOD-54456		SRR1146131	characteristic	organism	Homo sapiens	http://purl.obolibrary.org/obo/NCBITaxon_9606
E-GEOD-54456		SRR1146131	characteristic	organism part	skin	http://purl.obolibrary.org/obo/UBERON_0000014
E-GEOD-54456		SRR1146131	characteristic	phenotype	normal	http://purl.obolibrary.org/obo/PATO_0000461
E-GEOD-54456		SRR1146131	factor	disease	normal	http://purl.obolibrary.org/obo/PATO_0000461
E-GEOD-54456		SRR1146131	factor	phenotype	normal	http://purl.obolibrary.org/obo/PATO_0000461
E-GEOD-54456		SRR1146132	characteristic	disease	psoriasis	http://www.ebi.ac.uk/efo/EFO_0000676
E-GEOD-54456		SRR1146132	characteristic	organism	Homo sapiens	http://purl.obolibrary.org/obo/NCBITaxon_9606
E-GEOD-54456		SRR1146132	characteristic	organism part	skin	http://purl.obolibrary.org/obo/UBERON_0000014
E-GEOD-54456		SRR1146132	characteristic	phenotype	lesional skin
E-GEOD-54456		SRR1146132	factor	disease	psoriasis	http://www.ebi.ac.uk/efo/EFO_0000676
E-GEOD-54456		SRR1146132	factor	phenotype	lesional skin
E-GEOD-54456		SRR1146133	characteristic	disease	psoriasis	http://www.ebi.ac.uk/efo/EFO_0000676
E-GEOD-54456		SRR1146133	characteristic	organism	Homo sapiens	http://purl.obolibrary.org/obo/NCBITaxon_9606
E-GEOD-54456		SRR1146133	characteristic	organism part	skin	http://purl.obolibrary.org/obo/UBERON_0000014
E-GEOD-54456		SRR1146133	characteristic	phenotype	lesional skin
E-GEOD-54456		SRR1146133	factor	disease	psoriasis	http://www.ebi.ac.uk/efo/EFO_0000676
E-GEOD-54456		SRR1146133	factor	phenotype	lesional skin
E-GEOD-54456		SRR1146134	characteristic	disease	psoriasis	http://www.ebi.ac.uk/efo/EFO_0000676
E-GEOD-54456		SRR1146134	characteristic	organism	Homo sapiens	http://purl.obolibrary.org/obo/NCBITaxon_9606
E-GEOD-54456		SRR1146134	characteristic	organism part	skin	http://purl.obolibrary.org/obo/UBERON_0000014
E-GEOD-54456		SRR1146134	characteristic	phenotype	lesional skin
E-GEOD-54456		SRR1146134	factor	disease	psoriasis	http://www.ebi.ac.uk/efo/EFO_0000676
E-GEOD-54456		SRR1146134	factor	phenotype	lesional skin
E-GEOD-54456		SRR1146135	characteristic	disease	psoriasis	http://www.ebi.ac.uk/efo/EFO_0000676
E-GEOD-54456		SRR1146135	characteristic	organism	Homo sapiens	http://purl.obolibrary.org/obo/NCBITaxon_9606
E-GEOD-54456		SRR1146135	characteristic	organism part	skin	http://purl.obolibrary.org/obo/UBERON_0000014
E-GEOD-54456		SRR1146135	characteristic	phenotype	lesional skin
E-GEOD-54456		SRR1146135	factor	disease	psoriasis	http://www.ebi.ac.uk/efo/EFO_0000676
E-GEOD-54456		SRR1146135	factor	phenotype	lesional skin
E-GEOD-54456		SRR1146136	characteristic	disease	psoriasis	http://www.ebi.ac.uk/efo/EFO_0000676
E-GEOD-54456		SRR1146136	characteristic	organism	Homo sapiens	http://purl.obolibrary.org/obo/NCBITaxon_9606
E-GEOD-54456		SRR1146136	characteristic	organism part	skin	http://purl.obolibrary.org/obo/UBERON_0000014
E-GEOD-54456		SRR1146136	characteristic	phenotype	lesional skin
E-GEOD-54456		SRR1146136	factor	disease	psoriasis	http://www.ebi.ac.uk/efo/EFO_0000676
E-GEOD-54456		SRR1146136	factor	phenotype	lesional skin
E-GEOD-54456		SRR1146137	characteristic	disease	normal	http://purl.obolibrary.org/obo/PATO_0000461
E-GEOD-54456		SRR1146137	characteristic	organism	Homo sapiens	http://purl.obolibrary.org/obo/NCBITaxon_9606
E-GEOD-54456		SRR1146137	characteristic	organism part	skin	http://purl.obolibrary.org/obo/UBERON_0000014
E-GEOD-54456		SRR1146137	characteristic	phenotype	normal	http://purl.obolibrary.org/obo/PATO_0000461
E-GEOD-54456		SRR1146137	factor	disease	normal	http://purl.obolibrary.org/obo/PATO_0000461
E-GEOD-54456		SRR1146137	factor	phenotype	normal	http://purl.obolibrary.org/obo/PATO_0000461
E-GEOD-54456		SRR1146138	characteristic	disease	normal	http://purl.obolibrary.org/obo/PATO_0000461
E-GEOD-54456		SRR1146138	characteristic	organism	Homo sapiens	http://purl.obolibrary.org/obo/NCBITaxon_9606
E-GEOD-54456		SRR1146138	characteristic	organism part	skin	http://purl.obolibrary.org/obo/UBERON_0000014
E-GEOD-54456		SRR1146138	characteristic	phenotype	normal	http://purl.obolibrary.org/obo/PATO_0000461
E-GEOD-54456		SRR1146138	factor	disease	normal	http://purl.obolibrary.org/obo/PATO_0000461
E-GEOD-54456		SRR1146138	factor	phenotype	normal	http://purl.obolibrary.org/obo/PATO_0000461
E-GEOD-54456		SRR1146139	characteristic	disease	normal	http://purl.obolibrary.org/obo/PATO_0000461
E-GEOD-54456		SRR1146139	characteristic	organism	Homo sapiens	http://purl.obolibrary.org/obo/NCBITaxon_9606
E-GEOD-54456		SRR1146139	characteristic	organism part	skin	http://purl.obolibrary.org/obo/UBERON_0000014
E-GEOD-54456		SRR1146139	characteristic	phenotype	normal	http://purl.obolibrary.org/obo/PATO_0000461
E-GEOD-54456		SRR1146139	factor	disease	normal	http://purl.obolibrary.org/obo/PATO_0000461
E-GEOD-54456		SRR1146139	factor	phenotype	normal	http://purl.obolibrary.org/obo/PATO_0000461
E-GEOD-54456		SRR1146140	characteristic	disease	psoriasis	http://www.ebi.ac.uk/efo/EFO_0000676
E-GEOD-54456		SRR1146140	characteristic	organism	Homo sapiens	http://purl.obolibrary.org/obo/NCBITaxon_9606
E-GEOD-54456		SRR1146140	characteristic	organism part	skin	http://purl.obolibrary.org/obo/UBERON_0000014
E-GEOD-54456		SRR1146140	characteristic	phenotype	lesional skin
E-GEOD-54456		SRR1146140	factor	disease	psoriasis	http://www.ebi.ac.uk/efo/EFO_0000676
E-GEOD-54456		SRR1146140	factor	phenotype	lesional skin
E-GEOD-54456		SRR1146141	characteristic	disease	psoriasis	http://www.ebi.ac.uk/efo/EFO_0000676
E-GEOD-54456		SRR1146141	characteristic	organism	Homo sapiens	http://purl.obolibrary.org/obo/NCBITaxon_9606
E-GEOD-54456		SRR1146141	characteristic	organism part	skin	http://purl.obolibrary.org/obo/UBERON_0000014
E-GEOD-54456		SRR1146141	characteristic	phenotype	lesional skin
E-GEOD-54456		SRR1146141	factor	disease	psoriasis	http://www.ebi.ac.uk/efo/EFO_0000676
E-GEOD-54456		SRR1146141	factor	phenotype	lesional skin
E-GEOD-54456		SRR1146142	characteristic	disease	normal	http://purl.obolibrary.org/obo/PATO_0000461
E-GEOD-54456		SRR1146142	characteristic	organism	Homo sapiens	http://purl.obolibrary.org/obo/NCBITaxon_9606
E-GEOD-54456		SRR1146142	characteristic	organism part	skin	http://purl.obolibrary.org/obo/UBERON_0000014
E-GEOD-54456		SRR1146142	characteristic	phenotype	normal	http://purl.obolibrary.org/obo/PATO_0000461
E-GEOD-54456		SRR1146142	factor	disease	normal	http://purl.obolibrary.org/obo/PATO_0000461
E-GEOD-54456		SRR1146142	factor	phenotype	normal	http://purl.obolibrary.org/obo/PATO_0000461
E-GEOD-54456		SRR1146143	characteristic	disease	normal	http://purl.obolibrary.org/obo/PATO_0000461
E-GEOD-54456		SRR1146143	characteristic	organism	Homo sapiens	http://purl.obolibrary.org/obo/NCBITaxon_9606
E-GEOD-54456		SRR1146143	characteristic	organism part	skin	http://purl.obolibrary.org/obo/UBERON_0000014
E-GEOD-54456		SRR1146143	characteristic	phenotype	normal	http://purl.obolibrary.org/obo/PATO_0000461
E-GEOD-54456		SRR1146143	factor	disease	normal	http://purl.obolibrary.org/obo/PATO_0000461
E-GEOD-54456		SRR1146143	factor	phenotype	normal	http://purl.obolibrary.org/obo/PATO_0000461
E-GEOD-54456		SRR1146144	characteristic	disease	normal	http://purl.obolibrary.org/obo/PATO_0000461
E-GEOD-54456		SRR1146144	characteristic	organism	Homo sapiens	http://purl.obolibrary.org/obo/NCBITaxon_9606
E-GEOD-54456		SRR1146144	characteristic	organism part	skin	http://purl.obolibrary.org/obo/UBERON_0000014
E-GEOD-54456		SRR1146144	characteristic	phenotype	normal	http://purl.obolibrary.org/obo/PATO_0000461
E-GEOD-54456		SRR1146144	factor	disease	normal	http://purl.obolibrary.org/obo/PATO_0000461
E-GEOD-54456		SRR1146144	factor	phenotype	normal	http://purl.obolibrary.org/obo/PATO_0000461
E-GEOD-54456		SRR1146145	characteristic	disease	normal	http://purl.obolibrary.org/obo/PATO_0000461
E-GEOD-54456		SRR1146145	characteristic	organism	Homo sapiens	http://purl.obolibrary.org/obo/NCBITaxon_9606
E-GEOD-54456		SRR1146145	characteristic	organism part	skin	http://purl.obolibrary.org/obo/UBERON_0000014
E-GEOD-54456		SRR1146145	characteristic	phenotype	normal	http://purl.obolibrary.org/obo/PATO_0000461
E-GEOD-54456		SRR1146145	factor	disease	normal	http://purl.obolibrary.org/obo/PATO_0000461
E-GEOD-54456		SRR1146145	factor	phenotype	normal	http://purl.obolibrary.org/obo/PATO_0000461
E-GEOD-54456		SRR1146146	characteristic	disease	normal	http://purl.obolibrary.org/obo/PATO_0000461
E-GEOD-54456		SRR1146146	characteristic	organism	Homo sapiens	http://purl.obolibrary.org/obo/NCBITaxon_9606
E-GEOD-54456		SRR1146146	characteristic	organism part	skin	http://purl.obolibrary.org/obo/UBERON_0000014
E-GEOD-54456		SRR1146146	characteristic	phenotype	normal	http://purl.obolibrary.org/obo/PATO_0000461
E-GEOD-54456		SRR1146146	factor	disease	normal	http://purl.obolibrary.org/obo/PATO_0000461
E-GEOD-54456		SRR1146146	factor	phenotype	normal	http://purl.obolibrary.org/obo/PATO_0000461
E-GEOD-54456		SRR1146147	characteristic	disease	psoriasis	http://www.ebi.ac.uk/efo/EFO_0000676
E-GEOD-54456		SRR1146147	characteristic	organism	Homo sapiens	http://purl.obolibrary.org/obo/NCBITaxon_9606
E-GEOD-54456		SRR1146147	characteristic	organism part	skin	http://purl.obolibrary.org/obo/UBERON_0000014
E-GEOD-54456		SRR1146147	characteristic	phenotype	lesional skin
E-GEOD-54456		SRR1146147	factor	disease	psoriasis	http://www.ebi.ac.uk/efo/EFO_0000676
E-GEOD-54456		SRR1146147	factor	phenotype	lesional skin
E-GEOD-54456		SRR1146148	characteristic	disease	psoriasis	http://www.ebi.ac.uk/efo/EFO_0000676
E-GEOD-54456		SRR1146148	characteristic	organism	Homo sapiens	http://purl.obolibrary.org/obo/NCBITaxon_9606
E-GEOD-54456		SRR1146148	characteristic	organism part	skin	http://purl.obolibrary.org/obo/UBERON_0000014
E-GEOD-54456		SRR1146148	characteristic	phenotype	lesional skin
E-GEOD-54456		SRR1146148	factor	disease	psoriasis	http://www.ebi.ac.uk/efo/EFO_0000676
E-GEOD-54456		SRR1146148	factor	phenotype	lesional skin
E-GEOD-54456		SRR1146149	characteristic	disease	psoriasis	http://www.ebi.ac.uk/efo/EFO_0000676
E-GEOD-54456		SRR1146149	characteristic	organism	Homo sapiens	http://purl.obolibrary.org/obo/NCBITaxon_9606
E-GEOD-54456		SRR1146149	characteristic	organism part	skin	http://purl.obolibrary.org/obo/UBERON_0000014
E-GEOD-54456		SRR1146149	characteristic	phenotype	lesional skin
E-GEOD-54456		SRR1146149	factor	disease	psoriasis	http://www.ebi.ac.uk/efo/EFO_0000676
E-GEOD-54456		SRR1146149	factor	phenotype	lesional skin
E-GEOD-54456		SRR1146150	characteristic	disease	psoriasis	http://www.ebi.ac.uk/efo/EFO_0000676
E-GEOD-54456		SRR1146150	characteristic	organism	Homo sapiens	http://purl.obolibrary.org/obo/NCBITaxon_9606
E-GEOD-54456		SRR1146150	characteristic	organism part	skin	http://purl.obolibrary.org/obo/UBERON_0000014
E-GEOD-54456		SRR1146150	characteristic	phenotype	lesional skin
E-GEOD-54456		SRR1146150	factor	disease	psoriasis	http://www.ebi.ac.uk/efo/EFO_0000676
E-GEOD-54456		SRR1146150	factor	phenotype	lesional skin
E-GEOD-54456		SRR1146151	characteristic	disease	psoriasis	http://www.ebi.ac.uk/efo/EFO_0000676
E-GEOD-54456		SRR1146151	characteristic	organism	Homo sapiens	http://purl.obolibrary.org/obo/NCBITaxon_9606
E-GEOD-54456		SRR1146151	characteristic	organism part	skin	http://purl.obolibrary.org/obo/UBERON_0000014
E-GEOD-54456		SRR1146151	characteristic	phenotype	lesional skin
E-GEOD-54456		SRR1146151	factor	disease	psoriasis	http://www.ebi.ac.uk/efo/EFO_0000676
E-GEOD-54456		SRR1146151	factor	phenotype	lesional skin
E-GEOD-54456		SRR1146152	characteristic	disease	psoriasis	http://www.ebi.ac.uk/efo/EFO_0000676
E-GEOD-54456		SRR1146152	characteristic	organism	Homo sapiens	http://purl.obolibrary.org/obo/NCBITaxon_9606
E-GEOD-54456		SRR1146152	characteristic	organism part	skin	http://purl.obolibrary.org/obo/UBERON_0000014
E-GEOD-54456		SRR1146152	characteristic	phenotype	lesional skin
E-GEOD-54456		SRR1146152	factor	disease	psoriasis	http://www.ebi.ac.uk/efo/EFO_0000676
E-GEOD-54456		SRR1146152	factor	phenotype	lesional skin
E-GEOD-54456		SRR1146153	characteristic	disease	normal	http://purl.obolibrary.org/obo/PATO_0000461
E-GEOD-54456		SRR1146153	characteristic	organism	Homo sapiens	http://purl.obolibrary.org/obo/NCBITaxon_9606
E-GEOD-54456		SRR1146153	characteristic	organism part	skin	http://purl.obolibrary.org/obo/UBERON_0000014
E-GEOD-54456		SRR1146153	characteristic	phenotype	normal	http://purl.obolibrary.org/obo/PATO_0000461
E-GEOD-54456		SRR1146153	factor	disease	normal	http://purl.obolibrary.org/obo/PATO_0000461
E-GEOD-54456		SRR1146153	factor	phenotype	normal	http://purl.obolibrary.org/obo/PATO_0000461
E-GEOD-54456		SRR1146154	characteristic	disease	psoriasis	http://www.ebi.ac.uk/efo/EFO_0000676
E-GEOD-54456		SRR1146154	characteristic	organism	Homo sapiens	http://purl.obolibrary.org/obo/NCBITaxon_9606
E-GEOD-54456		SRR1146154	characteristic	organism part	skin	http://purl.obolibrary.org/obo/UBERON_0000014
E-GEOD-54456		SRR1146154	characteristic	phenotype	lesional skin
E-GEOD-54456		SRR1146154	factor	disease	psoriasis	http://www.ebi.ac.uk/efo/EFO_0000676
E-GEOD-54456		SRR1146154	factor	phenotype	lesional skin
E-GEOD-54456		SRR1146155	characteristic	disease	psoriasis	http://www.ebi.ac.uk/efo/EFO_0000676
E-GEOD-54456		SRR1146155	characteristic	organism	Homo sapiens	http://purl.obolibrary.org/obo/NCBITaxon_9606
E-GEOD-54456		SRR1146155	characteristic	organism part	skin	http://purl.obolibrary.org/obo/UBERON_0000014
E-GEOD-54456		SRR1146155	characteristic	phenotype	lesional skin
E-GEOD-54456		SRR1146155	factor	disease	psoriasis	http://www.ebi.ac.uk/efo/EFO_0000676
E-GEOD-54456		SRR1146155	factor	phenotype	lesional skin
E-GEOD-54456		SRR1146156	characteristic	disease	psoriasis	http://www.ebi.ac.uk/efo/EFO_0000676
E-GEOD-54456		SRR1146156	characteristic	organism	Homo sapiens	http://purl.obolibrary.org/obo/NCBITaxon_9606
E-GEOD-54456		SRR1146156	characteristic	organism part	skin	http://purl.obolibrary.org/obo/UBERON_0000014
E-GEOD-54456		SRR1146156	characteristic	phenotype	lesional skin
E-GEOD-54456		SRR1146156	factor	disease	psoriasis	http://www.ebi.ac.uk/efo/EFO_0000676
E-GEOD-54456		SRR1146156	factor	phenotype	lesional skin
E-GEOD-54456		SRR1146157	characteristic	disease	psoriasis	http://www.ebi.ac.uk/efo/EFO_0000676
E-GEOD-54456		SRR1146157	characteristic	organism	Homo sapiens	http://purl.obolibrary.org/obo/NCBITaxon_9606
E-GEOD-54456		SRR1146157	characteristic	organism part	skin	http://purl.obolibrary.org/obo/UBERON_0000014
E-GEOD-54456		SRR1146157	characteristic	phenotype	lesional skin
E-GEOD-54456		SRR1146157	factor	disease	psoriasis	http://www.ebi.ac.uk/efo/EFO_0000676
E-GEOD-54456		SRR1146157	factor	phenotype	lesional skin
E-GEOD-54456		SRR1146158	characteristic	disease	psoriasis	http://www.ebi.ac.uk/efo/EFO_0000676
E-GEOD-54456		SRR1146158	characteristic	organism	Homo sapiens	http://purl.obolibrary.org/obo/NCBITaxon_9606
E-GEOD-54456		SRR1146158	characteristic	organism part	skin	http://purl.obolibrary.org/obo/UBERON_0000014
E-GEOD-54456		SRR1146158	characteristic	phenotype	lesional skin
E-GEOD-54456		SRR1146158	factor	disease	psoriasis	http://www.ebi.ac.uk/efo/EFO_0000676
E-GEOD-54456		SRR1146158	factor	phenotype	lesional skin
E-GEOD-54456		SRR1146159	characteristic	disease	psoriasis	http://www.ebi.ac.uk/efo/EFO_0000676
E-GEOD-54456		SRR1146159	characteristic	organism	Homo sapiens	http://purl.obolibrary.org/obo/NCBITaxon_9606
E-GEOD-54456		SRR1146159	characteristic	organism part	skin	http://purl.obolibrary.org/obo/UBERON_0000014
E-GEOD-54456		SRR1146159	characteristic	phenotype	lesional skin
E-GEOD-54456		SRR1146159	factor	disease	psoriasis	http://www.ebi.ac.uk/efo/EFO_0000676
E-GEOD-54456		SRR1146159	factor	phenotype	lesional skin
E-GEOD-54456		SRR1146160	characteristic	disease	psoriasis	http://www.ebi.ac.uk/efo/EFO_0000676
E-GEOD-54456		SRR1146160	characteristic	organism	Homo sapiens	http://purl.obolibrary.org/obo/NCBITaxon_9606
E-GEOD-54456		SRR1146160	characteristic	organism part	skin	http://purl.obolibrary.org/obo/UBERON_0000014
E-GEOD-54456		SRR1146160	characteristic	phenotype	lesional skin
E-GEOD-54456		SRR1146160	factor	disease	psoriasis	http://www.ebi.ac.uk/efo/EFO_0000676
E-GEOD-54456		SRR1146160	factor	phenotype	lesional skin
E-GEOD-54456		SRR1146161	characteristic	disease	psoriasis	http://www.ebi.ac.uk/efo/EFO_0000676
E-GEOD-54456		SRR1146161	characteristic	organism	Homo sapiens	http://purl.obolibrary.org/obo/NCBITaxon_9606
E-GEOD-54456		SRR1146161	characteristic	organism part	skin	http://purl.obolibrary.org/obo/UBERON_0000014
E-GEOD-54456		SRR1146161	characteristic	phenotype	lesional skin
E-GEOD-54456		SRR1146161	factor	disease	psoriasis	http://www.ebi.ac.uk/efo/EFO_0000676
E-GEOD-54456		SRR1146161	factor	phenotype	lesional skin
E-GEOD-54456		SRR1146162	characteristic	disease	psoriasis	http://www.ebi.ac.uk/efo/EFO_0000676
E-GEOD-54456		SRR1146162	characteristic	organism	Homo sapiens	http://purl.obolibrary.org/obo/NCBITaxon_9606
E-GEOD-54456		SRR1146162	characteristic	organism part	skin	http://purl.obolibrary.org/obo/UBERON_0000014
E-GEOD-54456		SRR1146162	characteristic	phenotype	lesional skin
E-GEOD-54456		SRR1146162	factor	disease	psoriasis	http://www.ebi.ac.uk/efo/EFO_0000676
E-GEOD-54456		SRR1146162	factor	phenotype	lesional skin
E-GEOD-54456		SRR1146163	characteristic	disease	psoriasis	http://www.ebi.ac.uk/efo/EFO_0000676
E-GEOD-54456		SRR1146163	characteristic	organism	Homo sapiens	http://purl.obolibrary.org/obo/NCBITaxon_9606
E-GEOD-54456		SRR1146163	characteristic	organism part	skin	http://purl.obolibrary.org/obo/UBERON_0000014
E-GEOD-54456		SRR1146163	characteristic	phenotype	lesional skin
E-GEOD-54456		SRR1146163	factor	disease	psoriasis	http://www.ebi.ac.uk/efo/EFO_0000676
E-GEOD-54456		SRR1146163	factor	phenotype	lesional skin
E-GEOD-54456		SRR1146164	characteristic	disease	psoriasis	http://www.ebi.ac.uk/efo/EFO_0000676
E-GEOD-54456		SRR1146164	characteristic	organism	Homo sapiens	http://purl.obolibrary.org/obo/NCBITaxon_9606
E-GEOD-54456		SRR1146164	characteristic	organism part	skin	http://purl.obolibrary.org/obo/UBERON_0000014
E-GEOD-54456		SRR1146164	characteristic	phenotype	lesional skin
E-GEOD-54456		SRR1146164	factor	disease	psoriasis	http://www.ebi.ac.uk/efo/EFO_0000676
E-GEOD-54456		SRR1146164	factor	phenotype	lesional skin
E-GEOD-54456		SRR1146165	characteristic	disease	psoriasis	http://www.ebi.ac.uk/efo/EFO_0000676
E-GEOD-54456		SRR1146165	characteristic	organism	Homo sapiens	http://purl.obolibrary.org/obo/NCBITaxon_9606
E-GEOD-54456		SRR1146165	characteristic	organism part	skin	http://purl.obolibrary.org/obo/UBERON_0000014
E-GEOD-54456		SRR1146165	characteristic	phenotype	lesional skin
E-GEOD-54456		SRR1146165	factor	disease	psoriasis	http://www.ebi.ac.uk/efo/EFO_0000676
E-GEOD-54456		SRR1146165	factor	phenotype	lesional skin
E-GEOD-54456		SRR1146166	characteristic	disease	normal	http://purl.obolibrary.org/obo/PATO_0000461
E-GEOD-54456		SRR1146166	characteristic	organism	Homo sapiens	http://purl.obolibrary.org/obo/NCBITaxon_9606
E-GEOD-54456		SRR1146166	characteristic	organism part	skin	http://purl.obolibrary.org/obo/UBERON_0000014
E-GEOD-54456		SRR1146166	characteristic	phenotype	normal	http://purl.obolibrary.org/obo/PATO_0000461
E-GEOD-54456		SRR1146166	factor	disease	normal	http://purl.obolibrary.org/obo/PATO_0000461
E-GEOD-54456		SRR1146166	factor	phenotype	normal	http://purl.obolibrary.org/obo/PATO_0000461
E-GEOD-54456		SRR1146167	characteristic	disease	normal	http://purl.obolibrary.org/obo/PATO_0000461
E-GEOD-54456		SRR1146167	characteristic	organism	Homo sapiens	http://purl.obolibrary.org/obo/NCBITaxon_9606
E-GEOD-54456		SRR1146167	characteristic	organism part	skin	http://purl.obolibrary.org/obo/UBERON_0000014
E-GEOD-54456		SRR1146167	characteristic	phenotype	normal	http://purl.obolibrary.org/obo/PATO_0000461
E-GEOD-54456		SRR1146167	factor	disease	normal	http://purl.obolibrary.org/obo/PATO_0000461
E-GEOD-54456		SRR1146167	factor	phenotype	normal	http://purl.obolibrary.org/obo/PATO_0000461
E-GEOD-54456		SRR1146168	characteristic	disease	psoriasis	http://www.ebi.ac.uk/efo/EFO_0000676
E-GEOD-54456		SRR1146168	characteristic	organism	Homo sapiens	http://purl.obolibrary.org/obo/NCBITaxon_9606
E-GEOD-54456		SRR1146168	characteristic	organism part	skin	http://purl.obolibrary.org/obo/UBERON_0000014
E-GEOD-54456		SRR1146168	characteristic	phenotype	lesional skin
E-GEOD-54456		SRR1146168	factor	disease	psoriasis	http://www.ebi.ac.uk/efo/EFO_0000676
E-GEOD-54456		SRR1146168	factor	phenotype	lesional skin
E-GEOD-54456		SRR1146169	characteristic	disease	normal	http://purl.obolibrary.org/obo/PATO_0000461
E-GEOD-54456		SRR1146169	characteristic	organism	Homo sapiens	http://purl.obolibrary.org/obo/NCBITaxon_9606
E-GEOD-54456		SRR1146169	characteristic	organism part	skin	http://purl.obolibrary.org/obo/UBERON_0000014
E-GEOD-54456		SRR1146169	characteristic	phenotype	normal	http://purl.obolibrary.org/obo/PATO_0000461
E-GEOD-54456		SRR1146169	factor	disease	normal	http://purl.obolibrary.org/obo/PATO_0000461
E-GEOD-54456		SRR1146169	factor	phenotype	normal	http://purl.obolibrary.org/obo/PATO_0000461
E-GEOD-54456		SRR1146170	characteristic	disease	normal	http://purl.obolibrary.org/obo/PATO_0000461
E-GEOD-54456		SRR1146170	characteristic	organism	Homo sapiens	http://purl.obolibrary.org/obo/NCBITaxon_9606
E-GEOD-54456		SRR1146170	characteristic	organism part	skin	http://purl.obolibrary.org/obo/UBERON_0000014
E-GEOD-54456		SRR1146170	characteristic	phenotype	normal	http://purl.obolibrary.org/obo/PATO_0000461
E-GEOD-54456		SRR1146170	factor	disease	normal	http://purl.obolibrary.org/obo/PATO_0000461
E-GEOD-54456		SRR1146170	factor	phenotype	normal	http://purl.obolibrary.org/obo/PATO_0000461
E-GEOD-54456		SRR1146171	characteristic	disease	normal	http://purl.obolibrary.org/obo/PATO_0000461
E-GEOD-54456		SRR1146171	characteristic	organism	Homo sapiens	http://purl.obolibrary.org/obo/NCBITaxon_9606
E-GEOD-54456		SRR1146171	characteristic	organism part	skin	http://purl.obolibrary.org/obo/UBERON_0000014
E-GEOD-54456		SRR1146171	characteristic	phenotype	normal	http://purl.obolibrary.org/obo/PATO_0000461
E-GEOD-54456		SRR1146171	factor	disease	normal	http://purl.obolibrary.org/obo/PATO_0000461
E-GEOD-54456		SRR1146171	factor	phenotype	normal	http://purl.obolibrary.org/obo/PATO_0000461
E-GEOD-54456		SRR1146172	characteristic	disease	normal	http://purl.obolibrary.org/obo/PATO_0000461
E-GEOD-54456		SRR1146172	characteristic	organism	Homo sapiens	http://purl.obolibrary.org/obo/NCBITaxon_9606
E-GEOD-54456		SRR1146172	characteristic	organism part	skin	http://purl.obolibrary.org/obo/UBERON_0000014
E-GEOD-54456		SRR1146172	characteristic	phenotype	normal	http://purl.obolibrary.org/obo/PATO_0000461
E-GEOD-54456		SRR1146172	factor	disease	normal	http://purl.obolibrary.org/obo/PATO_0000461
E-GEOD-54456		SRR1146172	factor	phenotype	normal	http://purl.obolibrary.org/obo/PATO_0000461
E-GEOD-54456		SRR1146173	characteristic	disease	normal	http://purl.obolibrary.org/obo/PATO_0000461
E-GEOD-54456		SRR1146173	characteristic	organism	Homo sapiens	http://purl.obolibrary.org/obo/NCBITaxon_9606
E-GEOD-54456		SRR1146173	characteristic	organism part	skin	http://purl.obolibrary.org/obo/UBERON_0000014
E-GEOD-54456		SRR1146173	characteristic	phenotype	normal	http://purl.obolibrary.org/obo/PATO_0000461
E-GEOD-54456		SRR1146173	factor	disease	normal	http://purl.obolibrary.org/obo/PATO_0000461
E-GEOD-54456		SRR1146173	factor	phenotype	normal	http://purl.obolibrary.org/obo/PATO_0000461
E-GEOD-54456		SRR1146174	characteristic	disease	normal	http://purl.obolibrary.org/obo/PATO_0000461
E-GEOD-54456		SRR1146174	characteristic	organism	Homo sapiens	http://purl.obolibrary.org/obo/NCBITaxon_9606
E-GEOD-54456		SRR1146174	characteristic	organism part	skin	http://purl.obolibrary.org/obo/UBERON_0000014
E-GEOD-54456		SRR1146174	characteristic	phenotype	normal	http://purl.obolibrary.org/obo/PATO_0000461
E-GEOD-54456		SRR1146174	factor	disease	normal	http://purl.obolibrary.org/obo/PATO_0000461
E-GEOD-54456		SRR1146174	factor	phenotype	normal	http://purl.obolibrary.org/obo/PATO_0000461
E-GEOD-54456		SRR1146175	characteristic	disease	normal	http://purl.obolibrary.org/obo/PATO_0000461
E-GEOD-54456		SRR1146175	characteristic	organism	Homo sapiens	http://purl.obolibrary.org/obo/NCBITaxon_9606
E-GEOD-54456		SRR1146175	characteristic	organism part	skin	http://purl.obolibrary.org/obo/UBERON_0000014
E-GEOD-54456		SRR1146175	characteristic	phenotype	normal	http://purl.obolibrary.org/obo/PATO_0000461
E-GEOD-54456		SRR1146175	factor	disease	normal	http://purl.obolibrary.org/obo/PATO_0000461
E-GEOD-54456		SRR1146175	factor	phenotype	normal	http://purl.obolibrary.org/obo/PATO_0000461
E-GEOD-54456		SRR1146176	characteristic	disease	normal	http://purl.obolibrary.org/obo/PATO_0000461
E-GEOD-54456		SRR1146176	characteristic	organism	Homo sapiens	http://purl.obolibrary.org/obo/NCBITaxon_9606
E-GEOD-54456		SRR1146176	characteristic	organism part	skin	http://purl.obolibrary.org/obo/UBERON_0000014
E-GEOD-54456		SRR1146176	characteristic	phenotype	normal	http://purl.obolibrary.org/obo/PATO_0000461
E-GEOD-54456		SRR1146176	factor	disease	normal	http://purl.obolibrary.org/obo/PATO_0000461
E-GEOD-54456		SRR1146176	factor	phenotype	normal	http://purl.obolibrary.org/obo/PATO_0000461
E-GEOD-54456		SRR1146177	characteristic	disease	normal	http://purl.obolibrary.org/obo/PATO_0000461
E-GEOD-54456		SRR1146177	characteristic	organism	Homo sapiens	http://purl.obolibrary.org/obo/NCBITaxon_9606
E-GEOD-54456		SRR1146177	characteristic	organism part	skin	http://purl.obolibrary.org/obo/UBERON_0000014
E-GEOD-54456		SRR1146177	characteristic	phenotype	normal	http://purl.obolibrary.org/obo/PATO_0000461
E-GEOD-54456		SRR1146177	factor	disease	normal	http://purl.obolibrary.org/obo/PATO_0000461
E-GEOD-54456		SRR1146177	factor	phenotype	normal	http://purl.obolibrary.org/obo/PATO_0000461
E-GEOD-54456		SRR1146178	characteristic	disease	normal	http://purl.obolibrary.org/obo/PATO_0000461
E-GEOD-54456		SRR1146178	characteristic	organism	Homo sapiens	http://purl.obolibrary.org/obo/NCBITaxon_9606
E-GEOD-54456		SRR1146178	characteristic	organism part	skin	http://purl.obolibrary.org/obo/UBERON_0000014
E-GEOD-54456		SRR1146178	characteristic	phenotype	normal	http://purl.obolibrary.org/obo/PATO_0000461
E-GEOD-54456		SRR1146178	factor	disease	normal	http://purl.obolibrary.org/obo/PATO_0000461
E-GEOD-54456		SRR1146178	factor	phenotype	normal	http://purl.obolibrary.org/obo/PATO_0000461
E-GEOD-54456		SRR1146179	characteristic	disease	normal	http://purl.obolibrary.org/obo/PATO_0000461
E-GEOD-54456		SRR1146179	characteristic	organism	Homo sapiens	http://purl.obolibrary.org/obo/NCBITaxon_9606
E-GEOD-54456		SRR1146179	characteristic	organism part	skin	http://purl.obolibrary.org/obo/UBERON_0000014
E-GEOD-54456		SRR1146179	characteristic	phenotype	normal	http://purl.obolibrary.org/obo/PATO_0000461
E-GEOD-54456		SRR1146179	factor	disease	normal	http://purl.obolibrary.org/obo/PATO_0000461
E-GEOD-54456		SRR1146179	factor	phenotype	normal	http://purl.obolibrary.org/obo/PATO_0000461
E-GEOD-54456		SRR1146180	characteristic	disease	normal	http://purl.obolibrary.org/obo/PATO_0000461
E-GEOD-54456		SRR1146180	characteristic	organism	Homo sapiens	http://purl.obolibrary.org/obo/NCBITaxon_9606
E-GEOD-54456		SRR1146180	characteristic	organism part	skin	http://purl.obolibrary.org/obo/UBERON_0000014
E-GEOD-54456		SRR1146180	characteristic	phenotype	normal	http://purl.obolibrary.org/obo/PATO_0000461
E-GEOD-54456		SRR1146180	factor	disease	normal	http://purl.obolibrary.org/obo/PATO_0000461
E-GEOD-54456		SRR1146180	factor	phenotype	normal	http://purl.obolibrary.org/obo/PATO_0000461
E-GEOD-54456		SRR1146181	characteristic	disease	normal	http://purl.obolibrary.org/obo/PATO_0000461
E-GEOD-54456		SRR1146181	characteristic	organism	Homo sapiens	http://purl.obolibrary.org/obo/NCBITaxon_9606
E-GEOD-54456		SRR1146181	characteristic	organism part	skin	http://purl.obolibrary.org/obo/UBERON_0000014
E-GEOD-54456		SRR1146181	characteristic	phenotype	normal	http://purl.obolibrary.org/obo/PATO_0000461
E-GEOD-54456		SRR1146181	factor	disease	normal	http://purl.obolibrary.org/obo/PATO_0000461
E-GEOD-54456		SRR1146181	factor	phenotype	normal	http://purl.obolibrary.org/obo/PATO_0000461
E-GEOD-54456		SRR1146182	characteristic	disease	normal	http://purl.obolibrary.org/obo/PATO_0000461
E-GEOD-54456		SRR1146182	characteristic	organism	Homo sapiens	http://purl.obolibrary.org/obo/NCBITaxon_9606
E-GEOD-54456		SRR1146182	characteristic	organism part	skin	http://purl.obolibrary.org/obo/UBERON_0000014
E-GEOD-54456		SRR1146182	characteristic	phenotype	normal	http://purl.obolibrary.org/obo/PATO_0000461
E-GEOD-54456		SRR1146182	factor	disease	normal	http://purl.obolibrary.org/obo/PATO_0000461
E-GEOD-54456		SRR1146182	factor	phenotype	normal	http://purl.obolibrary.org/obo/PATO_0000461
E-GEOD-54456		SRR1146183	characteristic	disease	normal	http://purl.obolibrary.org/obo/PATO_0000461
E-GEOD-54456		SRR1146183	characteristic	organism	Homo sapiens	http://purl.obolibrary.org/obo/NCBITaxon_9606
E-GEOD-54456		SRR1146183	characteristic	organism part	skin	http://purl.obolibrary.org/obo/UBERON_0000014
E-GEOD-54456		SRR1146183	characteristic	phenotype	normal	http://purl.obolibrary.org/obo/PATO_0000461
E-GEOD-54456		SRR1146183	factor	disease	normal	http://purl.obolibrary.org/obo/PATO_0000461
E-GEOD-54456		SRR1146183	factor	phenotype	normal	http://purl.obolibrary.org/obo/PATO_0000461
E-GEOD-54456		SRR1146184	characteristic	disease	normal	http://purl.obolibrary.org/obo/PATO_0000461
E-GEOD-54456		SRR1146184	characteristic	organism	Homo sapiens	http://purl.obolibrary.org/obo/NCBITaxon_9606
E-GEOD-54456		SRR1146184	characteristic	organism part	skin	http://purl.obolibrary.org/obo/UBERON_0000014
E-GEOD-54456		SRR1146184	characteristic	phenotype	normal	http://purl.obolibrary.org/obo/PATO_0000461
E-GEOD-54456		SRR1146184	factor	disease	normal	http://purl.obolibrary.org/obo/PATO_0000461
E-GEOD-54456		SRR1146184	factor	phenotype	normal	http://purl.obolibrary.org/obo/PATO_0000461
E-GEOD-54456		SRR1146185	characteristic	disease	normal	http://purl.obolibrary.org/obo/PATO_0000461
E-GEOD-54456		SRR1146185	characteristic	organism	Homo sapiens	http://purl.obolibrary.org/obo/NCBITaxon_9606
E-GEOD-54456		SRR1146185	characteristic	organism part	skin	http://purl.obolibrary.org/obo/UBERON_0000014
E-GEOD-54456		SRR1146185	characteristic	phenotype	normal	http://purl.obolibrary.org/obo/PATO_0000461
E-GEOD-54456		SRR1146185	factor	disease	normal	http://purl.obolibrary.org/obo/PATO_0000461
E-GEOD-54456		SRR1146185	factor	phenotype	normal	http://purl.obolibrary.org/obo/PATO_0000461
E-GEOD-54456		SRR1146186	characteristic	disease	normal	http://purl.obolibrary.org/obo/PATO_0000461
E-GEOD-54456		SRR1146186	characteristic	organism	Homo sapiens	http://purl.obolibrary.org/obo/NCBITaxon_9606
E-GEOD-54456		SRR1146186	characteristic	organism part	skin	http://purl.obolibrary.org/obo/UBERON_0000014
E-GEOD-54456		SRR1146186	characteristic	phenotype	normal	http://purl.obolibrary.org/obo/PATO_0000461
E-GEOD-54456		SRR1146186	factor	disease	normal	http://purl.obolibrary.org/obo/PATO_0000461
E-GEOD-54456		SRR1146186	factor	phenotype	normal	http://purl.obolibrary.org/obo/PATO_0000461
E-GEOD-54456		SRR1146187	characteristic	disease	normal	http://purl.obolibrary.org/obo/PATO_0000461
E-GEOD-54456		SRR1146187	characteristic	organism	Homo sapiens	http://purl.obolibrary.org/obo/NCBITaxon_9606
E-GEOD-54456		SRR1146187	characteristic	organism part	skin	http://purl.obolibrary.org/obo/UBERON_0000014
E-GEOD-54456		SRR1146187	characteristic	phenotype	normal	http://purl.obolibrary.org/obo/PATO_0000461
E-GEOD-54456		SRR1146187	factor	disease	normal	http://purl.obolibrary.org/obo/PATO_0000461
E-GEOD-54456		SRR1146187	factor	phenotype	normal	http://purl.obolibrary.org/obo/PATO_0000461
E-GEOD-54456		SRR1146188	characteristic	disease	normal	http://purl.obolibrary.org/obo/PATO_0000461
E-GEOD-54456		SRR1146188	characteristic	organism	Homo sapiens	http://purl.obolibrary.org/obo/NCBITaxon_9606
E-GEOD-54456		SRR1146188	characteristic	organism part	skin	http://purl.obolibrary.org/obo/UBERON_0000014
E-GEOD-54456		SRR1146188	characteristic	phenotype	normal	http://purl.obolibrary.org/obo/PATO_0000461
E-GEOD-54456		SRR1146188	factor	disease	normal	http://purl.obolibrary.org/obo/PATO_0000461
E-GEOD-54456		SRR1146188	factor	phenotype	normal	http://purl.obolibrary.org/obo/PATO_0000461
E-GEOD-54456		SRR1146189	characteristic	disease	normal	http://purl.obolibrary.org/obo/PATO_0000461
E-GEOD-54456		SRR1146189	characteristic	organism	Homo sapiens	http://purl.obolibrary.org/obo/NCBITaxon_9606
E-GEOD-54456		SRR1146189	characteristic	organism part	skin	http://purl.obolibrary.org/obo/UBERON_0000014
E-GEOD-54456		SRR1146189	characteristic	phenotype	normal	http://purl.obolibrary.org/obo/PATO_0000461
E-GEOD-54456		SRR1146189	factor	disease	normal	http://purl.obolibrary.org/obo/PATO_0000461
E-GEOD-54456		SRR1146189	factor	phenotype	normal	http://purl.obolibrary.org/obo/PATO_0000461
E-GEOD-54456		SRR1146190	characteristic	disease	normal	http://purl.obolibrary.org/obo/PATO_0000461
E-GEOD-54456		SRR1146190	characteristic	organism	Homo sapiens	http://purl.obolibrary.org/obo/NCBITaxon_9606
E-GEOD-54456		SRR1146190	characteristic	organism part	skin	http://purl.obolibrary.org/obo/UBERON_0000014
E-GEOD-54456		SRR1146190	characteristic	phenotype	normal	http://purl.obolibrary.org/obo/PATO_0000461
E-GEOD-54456		SRR1146190	factor	disease	normal	http://purl.obolibrary.org/obo/PATO_0000461
E-GEOD-54456		SRR1146190	factor	phenotype	normal	http://purl.obolibrary.org/obo/PATO_0000461
E-GEOD-54456		SRR1146191	characteristic	disease	normal	http://purl.obolibrary.org/obo/PATO_0000461
E-GEOD-54456		SRR1146191	characteristic	organism	Homo sapiens	http://purl.obolibrary.org/obo/NCBITaxon_9606
E-GEOD-54456		SRR1146191	characteristic	organism part	skin	http://purl.obolibrary.org/obo/UBERON_0000014
E-GEOD-54456		SRR1146191	characteristic	phenotype	normal	http://purl.obolibrary.org/obo/PATO_0000461
E-GEOD-54456		SRR1146191	factor	disease	normal	http://purl.obolibrary.org/obo/PATO_0000461
E-GEOD-54456		SRR1146191	factor	phenotype	normal	http://purl.obolibrary.org/obo/PATO_0000461
E-GEOD-54456		SRR1146192	characteristic	disease	normal	http://purl.obolibrary.org/obo/PATO_0000461
E-GEOD-54456		SRR1146192	characteristic	organism	Homo sapiens	http://purl.obolibrary.org/obo/NCBITaxon_9606
E-GEOD-54456		SRR1146192	characteristic	organism part	skin	http://purl.obolibrary.org/obo/UBERON_0000014
E-GEOD-54456		SRR1146192	characteristic	phenotype	normal	http://purl.obolibrary.org/obo/PATO_0000461
E-GEOD-54456		SRR1146192	factor	disease	normal	http://purl.obolibrary.org/obo/PATO_0000461
E-GEOD-54456		SRR1146192	factor	phenotype	normal	http://purl.obolibrary.org/obo/PATO_0000461
E-GEOD-54456		SRR1146193	characteristic	disease	normal	http://purl.obolibrary.org/obo/PATO_0000461
E-GEOD-54456		SRR1146193	characteristic	organism	Homo sapiens	http://purl.obolibrary.org/obo/NCBITaxon_9606
E-GEOD-54456		SRR1146193	characteristic	organism part	skin	http://purl.obolibrary.org/obo/UBERON_0000014
E-GEOD-54456		SRR1146193	characteristic	phenotype	normal	http://purl.obolibrary.org/obo/PATO_0000461
E-GEOD-54456		SRR1146193	factor	disease	normal	http://purl.obolibrary.org/obo/PATO_0000461
E-GEOD-54456		SRR1146193	factor	phenotype	normal	http://purl.obolibrary.org/obo/PATO_0000461
E-GEOD-54456		SRR1146194	characteristic	disease	normal	http://purl.obolibrary.org/obo/PATO_0000461
E-GEOD-54456		SRR1146194	characteristic	organism	Homo sapiens	http://purl.obolibrary.org/obo/NCBITaxon_9606
E-GEOD-54456		SRR1146194	characteristic	organism part	skin	http://purl.obolibrary.org/obo/UBERON_0000014
E-GEOD-54456		SRR1146194	characteristic	phenotype	normal	http://purl.obolibrary.org/obo/PATO_0000461
E-GEOD-54456		SRR1146194	factor	disease	normal	http://purl.obolibrary.org/obo/PATO_0000461
E-GEOD-54456		SRR1146194	factor	phenotype	normal	http://purl.obolibrary.org/obo/PATO_0000461
E-GEOD-54456		SRR1146195	characteristic	disease	normal	http://purl.obolibrary.org/obo/PATO_0000461
E-GEOD-54456		SRR1146195	characteristic	organism	Homo sapiens	http://purl.obolibrary.org/obo/NCBITaxon_9606
E-GEOD-54456		SRR1146195	characteristic	organism part	skin	http://purl.obolibrary.org/obo/UBERON_0000014
E-GEOD-54456		SRR1146195	characteristic	phenotype	normal	http://purl.obolibrary.org/obo/PATO_0000461
E-GEOD-54456		SRR1146195	factor	disease	normal	http://purl.obolibrary.org/obo/PATO_0000461
E-GEOD-54456		SRR1146195	factor	phenotype	normal	http://purl.obolibrary.org/obo/PATO_0000461
E-GEOD-54456		SRR1146196	characteristic	disease	normal	http://purl.obolibrary.org/obo/PATO_0000461
E-GEOD-54456		SRR1146196	characteristic	organism	Homo sapiens	http://purl.obolibrary.org/obo/NCBITaxon_9606
E-GEOD-54456		SRR1146196	characteristic	organism part	skin	http://purl.obolibrary.org/obo/UBERON_0000014
E-GEOD-54456		SRR1146196	characteristic	phenotype	normal	http://purl.obolibrary.org/obo/PATO_0000461
E-GEOD-54456		SRR1146196	factor	disease	normal	http://purl.obolibrary.org/obo/PATO_0000461
E-GEOD-54456		SRR1146196	factor	phenotype	normal	http://purl.obolibrary.org/obo/PATO_0000461
E-GEOD-54456		SRR1146197	characteristic	disease	normal	http://purl.obolibrary.org/obo/PATO_0000461
E-GEOD-54456		SRR1146197	characteristic	organism	Homo sapiens	http://purl.obolibrary.org/obo/NCBITaxon_9606
E-GEOD-54456		SRR1146197	characteristic	organism part	skin	http://purl.obolibrary.org/obo/UBERON_0000014
E-GEOD-54456		SRR1146197	characteristic	phenotype	normal	http://purl.obolibrary.org/obo/PATO_0000461
E-GEOD-54456		SRR1146197	factor	disease	normal	http://purl.obolibrary.org/obo/PATO_0000461
E-GEOD-54456		SRR1146197	factor	phenotype	normal	http://purl.obolibrary.org/obo/PATO_0000461
E-GEOD-54456		SRR1146198	characteristic	disease	normal	http://purl.obolibrary.org/obo/PATO_0000461
E-GEOD-54456		SRR1146198	characteristic	organism	Homo sapiens	http://purl.obolibrary.org/obo/NCBITaxon_9606
E-GEOD-54456		SRR1146198	characteristic	organism part	skin	http://purl.obolibrary.org/obo/UBERON_0000014
E-GEOD-54456		SRR1146198	characteristic	phenotype	normal	http://purl.obolibrary.org/obo/PATO_0000461
E-GEOD-54456		SRR1146198	factor	disease	normal	http://purl.obolibrary.org/obo/PATO_0000461
E-GEOD-54456		SRR1146198	factor	phenotype	normal	http://purl.obolibrary.org/obo/PATO_0000461
E-GEOD-54456		SRR1146199	characteristic	disease	psoriasis	http://www.ebi.ac.uk/efo/EFO_0000676
E-GEOD-54456		SRR1146199	characteristic	organism	Homo sapiens	http://purl.obolibrary.org/obo/NCBITaxon_9606
E-GEOD-54456		SRR1146199	characteristic	organism part	skin	http://purl.obolibrary.org/obo/UBERON_0000014
E-GEOD-54456		SRR1146199	characteristic	phenotype	lesional skin
E-GEOD-54456		SRR1146199	factor	disease	psoriasis	http://www.ebi.ac.uk/efo/EFO_0000676
E-GEOD-54456		SRR1146199	factor	phenotype	lesional skin
E-GEOD-54456		SRR1146200	characteristic	disease	normal	http://purl.obolibrary.org/obo/PATO_0000461
E-GEOD-54456		SRR1146200	characteristic	organism	Homo sapiens	http://purl.obolibrary.org/obo/NCBITaxon_9606
E-GEOD-54456		SRR1146200	characteristic	organism part	skin	http://purl.obolibrary.org/obo/UBERON_0000014
E-GEOD-54456		SRR1146200	characteristic	phenotype	normal	http://purl.obolibrary.org/obo/PATO_0000461
E-GEOD-54456		SRR1146200	factor	disease	normal	http://purl.obolibrary.org/obo/PATO_0000461
E-GEOD-54456		SRR1146200	factor	phenotype	normal	http://purl.obolibrary.org/obo/PATO_0000461
E-GEOD-54456		SRR1146201	characteristic	disease	normal	http://purl.obolibrary.org/obo/PATO_0000461
E-GEOD-54456		SRR1146201	characteristic	organism	Homo sapiens	http://purl.obolibrary.org/obo/NCBITaxon_9606
E-GEOD-54456		SRR1146201	characteristic	organism part	skin	http://purl.obolibrary.org/obo/UBERON_0000014
E-GEOD-54456		SRR1146201	characteristic	phenotype	normal	http://purl.obolibrary.org/obo/PATO_0000461
E-GEOD-54456		SRR1146201	factor	disease	normal	http://purl.obolibrary.org/obo/PATO_0000461
E-GEOD-54456		SRR1146201	factor	phenotype	normal	http://purl.obolibrary.org/obo/PATO_0000461
E-GEOD-54456		SRR1146202	characteristic	disease	psoriasis	http://www.ebi.ac.uk/efo/EFO_0000676
E-GEOD-54456		SRR1146202	characteristic	organism	Homo sapiens	http://purl.obolibrary.org/obo/NCBITaxon_9606
E-GEOD-54456		SRR1146202	characteristic	organism part	skin	http://purl.obolibrary.org/obo/UBERON_0000014
E-GEOD-54456		SRR1146202	characteristic	phenotype	lesional skin
E-GEOD-54456		SRR1146202	factor	disease	psoriasis	http://www.ebi.ac.uk/efo/EFO_0000676
E-GEOD-54456		SRR1146202	factor	phenotype	lesional skin
E-GEOD-54456		SRR1146203	characteristic	disease	psoriasis	http://www.ebi.ac.uk/efo/EFO_0000676
E-GEOD-54456		SRR1146203	characteristic	organism	Homo sapiens	http://purl.obolibrary.org/obo/NCBITaxon_9606
E-GEOD-54456		SRR1146203	characteristic	organism part	skin	http://purl.obolibrary.org/obo/UBERON_0000014
E-GEOD-54456		SRR1146203	characteristic	phenotype	lesional skin
E-GEOD-54456		SRR1146203	factor	disease	psoriasis	http://www.ebi.ac.uk/efo/EFO_0000676
E-GEOD-54456		SRR1146203	factor	phenotype	lesional skin
E-GEOD-54456		SRR1146204	characteristic	disease	psoriasis	http://www.ebi.ac.uk/efo/EFO_0000676
E-GEOD-54456		SRR1146204	characteristic	organism	Homo sapiens	http://purl.obolibrary.org/obo/NCBITaxon_9606
E-GEOD-54456		SRR1146204	characteristic	organism part	skin	http://purl.obolibrary.org/obo/UBERON_0000014
E-GEOD-54456		SRR1146204	characteristic	phenotype	lesional skin
E-GEOD-54456		SRR1146204	factor	disease	psoriasis	http://www.ebi.ac.uk/efo/EFO_0000676
E-GEOD-54456		SRR1146204	factor	phenotype	lesional skin
E-GEOD-54456		SRR1146205	characteristic	disease	psoriasis	http://www.ebi.ac.uk/efo/EFO_0000676
E-GEOD-54456		SRR1146205	characteristic	organism	Homo sapiens	http://purl.obolibrary.org/obo/NCBITaxon_9606
E-GEOD-54456		SRR1146205	characteristic	organism part	skin	http://purl.obolibrary.org/obo/UBERON_0000014
E-GEOD-54456		SRR1146205	characteristic	phenotype	lesional skin
E-GEOD-54456		SRR1146205	factor	disease	psoriasis	http://www.ebi.ac.uk/efo/EFO_0000676
E-GEOD-54456		SRR1146205	factor	phenotype	lesional skin
E-GEOD-54456		SRR1146206	characteristic	disease	psoriasis	http://www.ebi.ac.uk/efo/EFO_0000676
E-GEOD-54456		SRR1146206	characteristic	organism	Homo sapiens	http://purl.obolibrary.org/obo/NCBITaxon_9606
E-GEOD-54456		SRR1146206	characteristic	organism part	skin	http://purl.obolibrary.org/obo/UBERON_0000014
E-GEOD-54456		SRR1146206	characteristic	phenotype	lesional skin
E-GEOD-54456		SRR1146206	factor	disease	psoriasis	http://www.ebi.ac.uk/efo/EFO_0000676
E-GEOD-54456		SRR1146206	factor	phenotype	lesional skin
E-GEOD-54456		SRR1146207	characteristic	disease	normal	http://purl.obolibrary.org/obo/PATO_0000461
E-GEOD-54456		SRR1146207	characteristic	organism	Homo sapiens	http://purl.obolibrary.org/obo/NCBITaxon_9606
E-GEOD-54456		SRR1146207	characteristic	organism part	skin	http://purl.obolibrary.org/obo/UBERON_0000014
E-GEOD-54456		SRR1146207	characteristic	phenotype	normal	http://purl.obolibrary.org/obo/PATO_0000461
E-GEOD-54456		SRR1146207	factor	disease	normal	http://purl.obolibrary.org/obo/PATO_0000461
E-GEOD-54456		SRR1146207	factor	phenotype	normal	http://purl.obolibrary.org/obo/PATO_0000461
E-GEOD-54456		SRR1146208	characteristic	disease	psoriasis	http://www.ebi.ac.uk/efo/EFO_0000676
E-GEOD-54456		SRR1146208	characteristic	organism	Homo sapiens	http://purl.obolibrary.org/obo/NCBITaxon_9606
E-GEOD-54456		SRR1146208	characteristic	organism part	skin	http://purl.obolibrary.org/obo/UBERON_0000014
E-GEOD-54456		SRR1146208	characteristic	phenotype	lesional skin
E-GEOD-54456		SRR1146208	factor	disease	psoriasis	http://www.ebi.ac.uk/efo/EFO_0000676
E-GEOD-54456		SRR1146208	factor	phenotype	lesional skin
E-GEOD-54456		SRR1146209	characteristic	disease	psoriasis	http://www.ebi.ac.uk/efo/EFO_0000676
E-GEOD-54456		SRR1146209	characteristic	organism	Homo sapiens	http://purl.obolibrary.org/obo/NCBITaxon_9606
E-GEOD-54456		SRR1146209	characteristic	organism part	skin	http://purl.obolibrary.org/obo/UBERON_0000014
E-GEOD-54456		SRR1146209	characteristic	phenotype	lesional skin
E-GEOD-54456		SRR1146209	factor	disease	psoriasis	http://www.ebi.ac.uk/efo/EFO_0000676
E-GEOD-54456		SRR1146209	factor	phenotype	lesional skin
E-GEOD-54456		SRR1146210	characteristic	disease	psoriasis	http://www.ebi.ac.uk/efo/EFO_0000676
E-GEOD-54456		SRR1146210	characteristic	organism	Homo sapiens	http://purl.obolibrary.org/obo/NCBITaxon_9606
E-GEOD-54456		SRR1146210	characteristic	organism part	skin	http://purl.obolibrary.org/obo/UBERON_0000014
E-GEOD-54456		SRR1146210	characteristic	phenotype	lesional skin
E-GEOD-54456		SRR1146210	factor	disease	psoriasis	http://www.ebi.ac.uk/efo/EFO_0000676
E-GEOD-54456		SRR1146210	factor	phenotype	lesional skin
E-GEOD-54456		SRR1146211	characteristic	disease	psoriasis	http://www.ebi.ac.uk/efo/EFO_0000676
E-GEOD-54456		SRR1146211	characteristic	organism	Homo sapiens	http://purl.obolibrary.org/obo/NCBITaxon_9606
E-GEOD-54456		SRR1146211	characteristic	organism part	skin	http://purl.obolibrary.org/obo/UBERON_0000014
E-GEOD-54456		SRR1146211	characteristic	phenotype	lesional skin
E-GEOD-54456		SRR1146211	factor	disease	psoriasis	http://www.ebi.ac.uk/efo/EFO_0000676
E-GEOD-54456		SRR1146211	factor	phenotype	lesional skin
E-GEOD-54456		SRR1146212	characteristic	disease	psoriasis	http://www.ebi.ac.uk/efo/EFO_0000676
E-GEOD-54456		SRR1146212	characteristic	organism	Homo sapiens	http://purl.obolibrary.org/obo/NCBITaxon_9606
E-GEOD-54456		SRR1146212	characteristic	organism part	skin	http://purl.obolibrary.org/obo/UBERON_0000014
E-GEOD-54456		SRR1146212	characteristic	phenotype	lesional skin
E-GEOD-54456		SRR1146212	factor	disease	psoriasis	http://www.ebi.ac.uk/efo/EFO_0000676
E-GEOD-54456		SRR1146212	factor	phenotype	lesional skin
E-GEOD-54456		SRR1146213	characteristic	disease	normal	http://purl.obolibrary.org/obo/PATO_0000461
E-GEOD-54456		SRR1146213	characteristic	organism	Homo sapiens	http://purl.obolibrary.org/obo/NCBITaxon_9606
E-GEOD-54456		SRR1146213	characteristic	organism part	skin	http://purl.obolibrary.org/obo/UBERON_0000014
E-GEOD-54456		SRR1146213	characteristic	phenotype	normal	http://purl.obolibrary.org/obo/PATO_0000461
E-GEOD-54456		SRR1146213	factor	disease	normal	http://purl.obolibrary.org/obo/PATO_0000461
E-GEOD-54456		SRR1146213	factor	phenotype	normal	http://purl.obolibrary.org/obo/PATO_0000461
E-GEOD-54456		SRR1146214	characteristic	disease	psoriasis	http://www.ebi.ac.uk/efo/EFO_0000676
E-GEOD-54456		SRR1146214	characteristic	organism	Homo sapiens	http://purl.obolibrary.org/obo/NCBITaxon_9606
E-GEOD-54456		SRR1146214	characteristic	organism part	skin	http://purl.obolibrary.org/obo/UBERON_0000014
E-GEOD-54456		SRR1146214	characteristic	phenotype	lesional skin
E-GEOD-54456		SRR1146214	factor	disease	psoriasis	http://www.ebi.ac.uk/efo/EFO_0000676
E-GEOD-54456		SRR1146214	factor	phenotype	lesional skin
E-GEOD-54456		SRR1146215	characteristic	disease	psoriasis	http://www.ebi.ac.uk/efo/EFO_0000676
E-GEOD-54456		SRR1146215	characteristic	organism	Homo sapiens	http://purl.obolibrary.org/obo/NCBITaxon_9606
E-GEOD-54456		SRR1146215	characteristic	organism part	skin	http://purl.obolibrary.org/obo/UBERON_0000014
E-GEOD-54456		SRR1146215	characteristic	phenotype	lesional skin
E-GEOD-54456		SRR1146215	factor	disease	psoriasis	http://www.ebi.ac.uk/efo/EFO_0000676
E-GEOD-54456		SRR1146215	factor	phenotype	lesional skin
E-GEOD-54456		SRR1146216	characteristic	disease	psoriasis	http://www.ebi.ac.uk/efo/EFO_0000676
E-GEOD-54456		SRR1146216	characteristic	organism	Homo sapiens	http://purl.obolibrary.org/obo/NCBITaxon_9606
E-GEOD-54456		SRR1146216	characteristic	organism part	skin	http://purl.obolibrary.org/obo/UBERON_0000014
E-GEOD-54456		SRR1146216	characteristic	phenotype	lesional skin
E-GEOD-54456		SRR1146216	factor	disease	psoriasis	http://www.ebi.ac.uk/efo/EFO_0000676
E-GEOD-54456		SRR1146216	factor	phenotype	lesional skin
E-GEOD-54456		SRR1146217	characteristic	disease	psoriasis	http://www.ebi.ac.uk/efo/EFO_0000676
E-GEOD-54456		SRR1146217	characteristic	organism	Homo sapiens	http://purl.obolibrary.org/obo/NCBITaxon_9606
E-GEOD-54456		SRR1146217	characteristic	organism part	skin	http://purl.obolibrary.org/obo/UBERON_0000014
E-GEOD-54456		SRR1146217	characteristic	phenotype	lesional skin
E-GEOD-54456		SRR1146217	factor	disease	psoriasis	http://www.ebi.ac.uk/efo/EFO_0000676
E-GEOD-54456		SRR1146217	factor	phenotype	lesional skin
E-GEOD-54456		SRR1146218	characteristic	disease	psoriasis	http://www.ebi.ac.uk/efo/EFO_0000676
E-GEOD-54456		SRR1146218	characteristic	organism	Homo sapiens	http://purl.obolibrary.org/obo/NCBITaxon_9606
E-GEOD-54456		SRR1146218	characteristic	organism part	skin	http://purl.obolibrary.org/obo/UBERON_0000014
E-GEOD-54456		SRR1146218	characteristic	phenotype	lesional skin
E-GEOD-54456		SRR1146218	factor	disease	psoriasis	http://www.ebi.ac.uk/efo/EFO_0000676
E-GEOD-54456		SRR1146218	factor	phenotype	lesional skin
E-GEOD-54456		SRR1146219	characteristic	disease	psoriasis	http://www.ebi.ac.uk/efo/EFO_0000676
E-GEOD-54456		SRR1146219	characteristic	organism	Homo sapiens	http://purl.obolibrary.org/obo/NCBITaxon_9606
E-GEOD-54456		SRR1146219	characteristic	organism part	skin	http://purl.obolibrary.org/obo/UBERON_0000014
E-GEOD-54456		SRR1146219	characteristic	phenotype	lesional skin
E-GEOD-54456		SRR1146219	factor	disease	psoriasis	http://www.ebi.ac.uk/efo/EFO_0000676
E-GEOD-54456		SRR1146219	factor	phenotype	lesional skin
E-GEOD-54456		SRR1146220	characteristic	disease	psoriasis	http://www.ebi.ac.uk/efo/EFO_0000676
E-GEOD-54456		SRR1146220	characteristic	organism	Homo sapiens	http://purl.obolibrary.org/obo/NCBITaxon_9606
E-GEOD-54456		SRR1146220	characteristic	organism part	skin	http://purl.obolibrary.org/obo/UBERON_0000014
E-GEOD-54456		SRR1146220	characteristic	phenotype	lesional skin
E-GEOD-54456		SRR1146220	factor	disease	psoriasis	http://www.ebi.ac.uk/efo/EFO_0000676
E-GEOD-54456		SRR1146220	factor	phenotype	lesional skin
E-GEOD-54456		SRR1146221	characteristic	disease	psoriasis	http://www.ebi.ac.uk/efo/EFO_0000676
E-GEOD-54456		SRR1146221	characteristic	organism	Homo sapiens	http://purl.obolibrary.org/obo/NCBITaxon_9606
E-GEOD-54456		SRR1146221	characteristic	organism part	skin	http://purl.obolibrary.org/obo/UBERON_0000014
E-GEOD-54456		SRR1146221	characteristic	phenotype	lesional skin
E-GEOD-54456		SRR1146221	factor	disease	psoriasis	http://www.ebi.ac.uk/efo/EFO_0000676
E-GEOD-54456		SRR1146221	factor	phenotype	lesional skin
E-GEOD-54456		SRR1146222	characteristic	disease	psoriasis	http://www.ebi.ac.uk/efo/EFO_0000676
E-GEOD-54456		SRR1146222	characteristic	organism	Homo sapiens	http://purl.obolibrary.org/obo/NCBITaxon_9606
E-GEOD-54456		SRR1146222	characteristic	organism part	skin	http://purl.obolibrary.org/obo/UBERON_0000014
E-GEOD-54456		SRR1146222	characteristic	phenotype	lesional skin
E-GEOD-54456		SRR1146222	factor	disease	psoriasis	http://www.ebi.ac.uk/efo/EFO_0000676
E-GEOD-54456		SRR1146222	factor	phenotype	lesional skin
E-GEOD-54456		SRR1146223	characteristic	disease	psoriasis	http://www.ebi.ac.uk/efo/EFO_0000676
E-GEOD-54456		SRR1146223	characteristic	organism	Homo sapiens	http://purl.obolibrary.org/obo/NCBITaxon_9606
E-GEOD-54456		SRR1146223	characteristic	organism part	skin	http://purl.obolibrary.org/obo/UBERON_0000014
E-GEOD-54456		SRR1146223	characteristic	phenotype	lesional skin
E-GEOD-54456		SRR1146223	factor	disease	psoriasis	http://www.ebi.ac.uk/efo/EFO_0000676
E-GEOD-54456		SRR1146223	factor	phenotype	lesional skin
E-GEOD-54456		SRR1146224	characteristic	disease	psoriasis	http://www.ebi.ac.uk/efo/EFO_0000676
E-GEOD-54456		SRR1146224	characteristic	organism	Homo sapiens	http://purl.obolibrary.org/obo/NCBITaxon_9606
E-GEOD-54456		SRR1146224	characteristic	organism part	skin	http://purl.obolibrary.org/obo/UBERON_0000014
E-GEOD-54456		SRR1146224	characteristic	phenotype	lesional skin
E-GEOD-54456		SRR1146224	factor	disease	psoriasis	http://www.ebi.ac.uk/efo/EFO_0000676
E-GEOD-54456		SRR1146224	factor	phenotype	lesional skin
E-GEOD-54456		SRR1146225	characteristic	disease	psoriasis	http://www.ebi.ac.uk/efo/EFO_0000676
E-GEOD-54456		SRR1146225	characteristic	organism	Homo sapiens	http://purl.obolibrary.org/obo/NCBITaxon_9606
E-GEOD-54456		SRR1146225	characteristic	organism part	skin	http://purl.obolibrary.org/obo/UBERON_0000014
E-GEOD-54456		SRR1146225	characteristic	phenotype	lesional skin
E-GEOD-54456		SRR1146225	factor	disease	psoriasis	http://www.ebi.ac.uk/efo/EFO_0000676
E-GEOD-54456		SRR1146225	factor	phenotype	lesional skin
E-GEOD-54456		SRR1146226	characteristic	disease	psoriasis	http://www.ebi.ac.uk/efo/EFO_0000676
E-GEOD-54456		SRR1146226	characteristic	organism	Homo sapiens	http://purl.obolibrary.org/obo/NCBITaxon_9606
E-GEOD-54456		SRR1146226	characteristic	organism part	skin	http://purl.obolibrary.org/obo/UBERON_0000014
E-GEOD-54456		SRR1146226	characteristic	phenotype	lesional skin
E-GEOD-54456		SRR1146226	factor	disease	psoriasis	http://www.ebi.ac.uk/efo/EFO_0000676
E-GEOD-54456		SRR1146226	factor	phenotype	lesional skin
E-GEOD-54456		SRR1146227	characteristic	disease	psoriasis	http://www.ebi.ac.uk/efo/EFO_0000676
E-GEOD-54456		SRR1146227	characteristic	organism	Homo sapiens	http://purl.obolibrary.org/obo/NCBITaxon_9606
E-GEOD-54456		SRR1146227	characteristic	organism part	skin	http://purl.obolibrary.org/obo/UBERON_0000014
E-GEOD-54456		SRR1146227	characteristic	phenotype	lesional skin
E-GEOD-54456		SRR1146227	factor	disease	psoriasis	http://www.ebi.ac.uk/efo/EFO_0000676
E-GEOD-54456		SRR1146227	factor	phenotype	lesional skin
E-GEOD-54456		SRR1146228	characteristic	disease	psoriasis	http://www.ebi.ac.uk/efo/EFO_0000676
E-GEOD-54456		SRR1146228	characteristic	organism	Homo sapiens	http://purl.obolibrary.org/obo/NCBITaxon_9606
E-GEOD-54456		SRR1146228	characteristic	organism part	skin	http://purl.obolibrary.org/obo/UBERON_0000014
E-GEOD-54456		SRR1146228	characteristic	phenotype	lesional skin
E-GEOD-54456		SRR1146228	factor	disease	psoriasis	http://www.ebi.ac.uk/efo/EFO_0000676
E-GEOD-54456		SRR1146228	factor	phenotype	lesional skin
E-GEOD-54456		SRR1146229	characteristic	disease	psoriasis	http://www.ebi.ac.uk/efo/EFO_0000676
E-GEOD-54456		SRR1146229	characteristic	organism	Homo sapiens	http://purl.obolibrary.org/obo/NCBITaxon_9606
E-GEOD-54456		SRR1146229	characteristic	organism part	skin	http://purl.obolibrary.org/obo/UBERON_0000014
E-GEOD-54456		SRR1146229	characteristic	phenotype	lesional skin
E-GEOD-54456		SRR1146229	factor	disease	psoriasis	http://www.ebi.ac.uk/efo/EFO_0000676
E-GEOD-54456		SRR1146229	factor	phenotype	lesional skin
E-GEOD-54456		SRR1146230	characteristic	disease	normal	http://purl.obolibrary.org/obo/PATO_0000461
E-GEOD-54456		SRR1146230	characteristic	organism	Homo sapiens	http://purl.obolibrary.org/obo/NCBITaxon_9606
E-GEOD-54456		SRR1146230	characteristic	organism part	skin	http://purl.obolibrary.org/obo/UBERON_0000014
E-GEOD-54456		SRR1146230	characteristic	phenotype	normal	http://purl.obolibrary.org/obo/PATO_0000461
E-GEOD-54456		SRR1146230	factor	disease	normal	http://purl.obolibrary.org/obo/PATO_0000461
E-GEOD-54456		SRR1146230	factor	phenotype	normal	http://purl.obolibrary.org/obo/PATO_0000461
E-GEOD-54456		SRR1146231	characteristic	disease	normal	http://purl.obolibrary.org/obo/PATO_0000461
E-GEOD-54456		SRR1146231	characteristic	organism	Homo sapiens	http://purl.obolibrary.org/obo/NCBITaxon_9606
E-GEOD-54456		SRR1146231	characteristic	organism part	skin	http://purl.obolibrary.org/obo/UBERON_0000014
E-GEOD-54456		SRR1146231	characteristic	phenotype	normal	http://purl.obolibrary.org/obo/PATO_0000461
E-GEOD-54456		SRR1146231	factor	disease	normal	http://purl.obolibrary.org/obo/PATO_0000461
E-GEOD-54456		SRR1146231	factor	phenotype	normal	http://purl.obolibrary.org/obo/PATO_0000461
E-GEOD-54456		SRR1146232	characteristic	disease	normal	http://purl.obolibrary.org/obo/PATO_0000461
E-GEOD-54456		SRR1146232	characteristic	organism	Homo sapiens	http://purl.obolibrary.org/obo/NCBITaxon_9606
E-GEOD-54456		SRR1146232	characteristic	organism part	skin	http://purl.obolibrary.org/obo/UBERON_0000014
E-GEOD-54456		SRR1146232	characteristic	phenotype	normal	http://purl.obolibrary.org/obo/PATO_0000461
E-GEOD-54456		SRR1146232	factor	disease	normal	http://purl.obolibrary.org/obo/PATO_0000461
E-GEOD-54456		SRR1146232	factor	phenotype	normal	http://purl.obolibrary.org/obo/PATO_0000461
E-GEOD-54456		SRR1146233	characteristic	disease	psoriasis	http://www.ebi.ac.uk/efo/EFO_0000676
E-GEOD-54456		SRR1146233	characteristic	organism	Homo sapiens	http://purl.obolibrary.org/obo/NCBITaxon_9606
E-GEOD-54456		SRR1146233	characteristic	organism part	skin	http://purl.obolibrary.org/obo/UBERON_0000014
E-GEOD-54456		SRR1146233	characteristic	phenotype	lesional skin
E-GEOD-54456		SRR1146233	factor	disease	psoriasis	http://www.ebi.ac.uk/efo/EFO_0000676
E-GEOD-54456		SRR1146233	factor	phenotype	lesional skin
E-GEOD-54456		SRR1146234	characteristic	disease	psoriasis	http://www.ebi.ac.uk/efo/EFO_0000676
E-GEOD-54456		SRR1146234	characteristic	organism	Homo sapiens	http://purl.obolibrary.org/obo/NCBITaxon_9606
E-GEOD-54456		SRR1146234	characteristic	organism part	skin	http://purl.obolibrary.org/obo/UBERON_0000014
E-GEOD-54456		SRR1146234	characteristic	phenotype	lesional skin
E-GEOD-54456		SRR1146234	factor	disease	psoriasis	http://www.ebi.ac.uk/efo/EFO_0000676
E-GEOD-54456		SRR1146234	factor	phenotype	lesional skin
E-GEOD-54456		SRR1146235	characteristic	disease	psoriasis	http://www.ebi.ac.uk/efo/EFO_0000676
E-GEOD-54456		SRR1146235	characteristic	organism	Homo sapiens	http://purl.obolibrary.org/obo/NCBITaxon_9606
E-GEOD-54456		SRR1146235	characteristic	organism part	skin	http://purl.obolibrary.org/obo/UBERON_0000014
E-GEOD-54456		SRR1146235	characteristic	phenotype	lesional skin
E-GEOD-54456		SRR1146235	factor	disease	psoriasis	http://www.ebi.ac.uk/efo/EFO_0000676
E-GEOD-54456		SRR1146235	factor	phenotype	lesional skin
E-GEOD-54456		SRR1146236	characteristic	disease	normal	http://purl.obolibrary.org/obo/PATO_0000461
E-GEOD-54456		SRR1146236	characteristic	organism	Homo sapiens	http://purl.obolibrary.org/obo/NCBITaxon_9606
E-GEOD-54456		SRR1146236	characteristic	organism part	skin	http://purl.obolibrary.org/obo/UBERON_0000014
E-GEOD-54456		SRR1146236	characteristic	phenotype	normal	http://purl.obolibrary.org/obo/PATO_0000461
E-GEOD-54456		SRR1146236	factor	disease	normal	http://purl.obolibrary.org/obo/PATO_0000461
E-GEOD-54456		SRR1146236	factor	phenotype	normal	http://purl.obolibrary.org/obo/PATO_0000461
E-GEOD-54456		SRR1146237	characteristic	disease	psoriasis	http://www.ebi.ac.uk/efo/EFO_0000676
E-GEOD-54456		SRR1146237	characteristic	organism	Homo sapiens	http://purl.obolibrary.org/obo/NCBITaxon_9606
E-GEOD-54456		SRR1146237	characteristic	organism part	skin	http://purl.obolibrary.org/obo/UBERON_0000014
E-GEOD-54456		SRR1146237	characteristic	phenotype	lesional skin
E-GEOD-54456		SRR1146237	factor	disease	psoriasis	http://www.ebi.ac.uk/efo/EFO_0000676
E-GEOD-54456		SRR1146237	factor	phenotype	lesional skin
E-GEOD-54456		SRR1146238	characteristic	disease	normal	http://purl.obolibrary.org/obo/PATO_0000461
E-GEOD-54456		SRR1146238	characteristic	organism	Homo sapiens	http://purl.obolibrary.org/obo/NCBITaxon_9606
E-GEOD-54456		SRR1146238	characteristic	organism part	skin	http://purl.obolibrary.org/obo/UBERON_0000014
E-GEOD-54456		SRR1146238	characteristic	phenotype	normal	http://purl.obolibrary.org/obo/PATO_0000461
E-GEOD-54456		SRR1146238	factor	disease	normal	http://purl.obolibrary.org/obo/PATO_0000461
E-GEOD-54456		SRR1146238	factor	phenotype	normal	http://purl.obolibrary.org/obo/PATO_0000461
E-GEOD-54456		SRR1146239	characteristic	disease	psoriasis	http://www.ebi.ac.uk/efo/EFO_0000676
E-GEOD-54456		SRR1146239	characteristic	organism	Homo sapiens	http://purl.obolibrary.org/obo/NCBITaxon_9606
E-GEOD-54456		SRR1146239	characteristic	organism part	skin	http://purl.obolibrary.org/obo/UBERON_0000014
E-GEOD-54456		SRR1146239	characteristic	phenotype	lesional skin
E-GEOD-54456		SRR1146239	factor	disease	psoriasis	http://www.ebi.ac.uk/efo/EFO_0000676
E-GEOD-54456		SRR1146239	factor	phenotype	lesional skin
E-GEOD-54456		SRR1146240	characteristic	disease	psoriasis	http://www.ebi.ac.uk/efo/EFO_0000676
E-GEOD-54456		SRR1146240	characteristic	organism	Homo sapiens	http://purl.obolibrary.org/obo/NCBITaxon_9606
E-GEOD-54456		SRR1146240	characteristic	organism part	skin	http://purl.obolibrary.org/obo/UBERON_0000014
E-GEOD-54456		SRR1146240	characteristic	phenotype	lesional skin
E-GEOD-54456		SRR1146240	factor	disease	psoriasis	http://www.ebi.ac.uk/efo/EFO_0000676
E-GEOD-54456		SRR1146240	factor	phenotype	lesional skin
E-GEOD-54456		SRR1146241	characteristic	disease	psoriasis	http://www.ebi.ac.uk/efo/EFO_0000676
E-GEOD-54456		SRR1146241	characteristic	organism	Homo sapiens	http://purl.obolibrary.org/obo/NCBITaxon_9606
E-GEOD-54456		SRR1146241	characteristic	organism part	skin	http://purl.obolibrary.org/obo/UBERON_0000014
E-GEOD-54456		SRR1146241	characteristic	phenotype	lesional skin
E-GEOD-54456		SRR1146241	factor	disease	psoriasis	http://www.ebi.ac.uk/efo/EFO_0000676
E-GEOD-54456		SRR1146241	factor	phenotype	lesional skin
E-GEOD-54456		SRR1146242	characteristic	disease	psoriasis	http://www.ebi.ac.uk/efo/EFO_0000676
E-GEOD-54456		SRR1146242	characteristic	organism	Homo sapiens	http://purl.obolibrary.org/obo/NCBITaxon_9606
E-GEOD-54456		SRR1146242	characteristic	organism part	skin	http://purl.obolibrary.org/obo/UBERON_0000014
E-GEOD-54456		SRR1146242	characteristic	phenotype	lesional skin
E-GEOD-54456		SRR1146242	factor	disease	psoriasis	http://www.ebi.ac.uk/efo/EFO_0000676
E-GEOD-54456		SRR1146242	factor	phenotype	lesional skin
E-GEOD-54456		SRR1146243	characteristic	disease	normal	http://purl.obolibrary.org/obo/PATO_0000461
E-GEOD-54456		SRR1146243	characteristic	organism	Homo sapiens	http://purl.obolibrary.org/obo/NCBITaxon_9606
E-GEOD-54456		SRR1146243	characteristic	organism part	skin	http://purl.obolibrary.org/obo/UBERON_0000014
E-GEOD-54456		SRR1146243	characteristic	phenotype	normal	http://purl.obolibrary.org/obo/PATO_0000461
E-GEOD-54456		SRR1146243	factor	disease	normal	http://purl.obolibrary.org/obo/PATO_0000461
E-GEOD-54456		SRR1146243	factor	phenotype	normal	http://purl.obolibrary.org/obo/PATO_0000461
E-GEOD-54456		SRR1146244	characteristic	disease	normal	http://purl.obolibrary.org/obo/PATO_0000461
E-GEOD-54456		SRR1146244	characteristic	organism	Homo sapiens	http://purl.obolibrary.org/obo/NCBITaxon_9606
E-GEOD-54456		SRR1146244	characteristic	organism part	skin	http://purl.obolibrary.org/obo/UBERON_0000014
E-GEOD-54456		SRR1146244	characteristic	phenotype	normal	http://purl.obolibrary.org/obo/PATO_0000461
E-GEOD-54456		SRR1146244	factor	disease	normal	http://purl.obolibrary.org/obo/PATO_0000461
E-GEOD-54456		SRR1146244	factor	phenotype	normal	http://purl.obolibrary.org/obo/PATO_0000461
E-GEOD-54456		SRR1146245	characteristic	disease	normal	http://purl.obolibrary.org/obo/PATO_0000461
E-GEOD-54456		SRR1146245	characteristic	organism	Homo sapiens	http://purl.obolibrary.org/obo/NCBITaxon_9606
E-GEOD-54456		SRR1146245	characteristic	organism part	skin	http://purl.obolibrary.org/obo/UBERON_0000014
E-GEOD-54456		SRR1146245	characteristic	phenotype	normal	http://purl.obolibrary.org/obo/PATO_0000461
E-GEOD-54456		SRR1146245	factor	disease	normal	http://purl.obolibrary.org/obo/PATO_0000461
E-GEOD-54456		SRR1146245	factor	phenotype	normal	http://purl.obolibrary.org/obo/PATO_0000461
E-GEOD-54456		SRR1146246	characteristic	disease	normal	http://purl.obolibrary.org/obo/PATO_0000461
E-GEOD-54456		SRR1146246	characteristic	organism	Homo sapiens	http://purl.obolibrary.org/obo/NCBITaxon_9606
E-GEOD-54456		SRR1146246	characteristic	organism part	skin	http://purl.obolibrary.org/obo/UBERON_0000014
E-GEOD-54456		SRR1146246	characteristic	phenotype	normal	http://purl.obolibrary.org/obo/PATO_0000461
E-GEOD-54456		SRR1146246	factor	disease	normal	http://purl.obolibrary.org/obo/PATO_0000461
E-GEOD-54456		SRR1146246	factor	phenotype	normal	http://purl.obolibrary.org/obo/PATO_0000461
E-GEOD-54456		SRR1146247	characteristic	disease	normal	http://purl.obolibrary.org/obo/PATO_0000461
E-GEOD-54456		SRR1146247	characteristic	organism	Homo sapiens	http://purl.obolibrary.org/obo/NCBITaxon_9606
E-GEOD-54456		SRR1146247	characteristic	organism part	skin	http://purl.obolibrary.org/obo/UBERON_0000014
E-GEOD-54456		SRR1146247	characteristic	phenotype	normal	http://purl.obolibrary.org/obo/PATO_0000461
E-GEOD-54456		SRR1146247	factor	disease	normal	http://purl.obolibrary.org/obo/PATO_0000461
E-GEOD-54456		SRR1146247	factor	phenotype	normal	http://purl.obolibrary.org/obo/PATO_0000461
E-GEOD-54456		SRR1146248	characteristic	disease	normal	http://purl.obolibrary.org/obo/PATO_0000461
E-GEOD-54456		SRR1146248	characteristic	organism	Homo sapiens	http://purl.obolibrary.org/obo/NCBITaxon_9606
E-GEOD-54456		SRR1146248	characteristic	organism part	skin	http://purl.obolibrary.org/obo/UBERON_0000014
E-GEOD-54456		SRR1146248	characteristic	phenotype	normal	http://purl.obolibrary.org/obo/PATO_0000461
E-GEOD-54456		SRR1146248	factor	disease	normal	http://purl.obolibrary.org/obo/PATO_0000461
E-GEOD-54456		SRR1146248	factor	phenotype	normal	http://purl.obolibrary.org/obo/PATO_0000461
E-GEOD-54456		SRR1146249	characteristic	disease	normal	http://purl.obolibrary.org/obo/PATO_0000461
E-GEOD-54456		SRR1146249	characteristic	organism	Homo sapiens	http://purl.obolibrary.org/obo/NCBITaxon_9606
E-GEOD-54456		SRR1146249	characteristic	organism part	skin	http://purl.obolibrary.org/obo/UBERON_0000014
E-GEOD-54456		SRR1146249	characteristic	phenotype	normal	http://purl.obolibrary.org/obo/PATO_0000461
E-GEOD-54456		SRR1146249	factor	disease	normal	http://purl.obolibrary.org/obo/PATO_0000461
E-GEOD-54456		SRR1146249	factor	phenotype	normal	http://purl.obolibrary.org/obo/PATO_0000461
E-GEOD-54456		SRR1146250	characteristic	disease	normal	http://purl.obolibrary.org/obo/PATO_0000461
E-GEOD-54456		SRR1146250	characteristic	organism	Homo sapiens	http://purl.obolibrary.org/obo/NCBITaxon_9606
E-GEOD-54456		SRR1146250	characteristic	organism part	skin	http://purl.obolibrary.org/obo/UBERON_0000014
E-GEOD-54456		SRR1146250	characteristic	phenotype	normal	http://purl.obolibrary.org/obo/PATO_0000461
E-GEOD-54456		SRR1146250	factor	disease	normal	http://purl.obolibrary.org/obo/PATO_0000461
E-GEOD-54456		SRR1146250	factor	phenotype	normal	http://purl.obolibrary.org/obo/PATO_0000461
E-GEOD-54456		SRR1146251	characteristic	disease	normal	http://purl.obolibrary.org/obo/PATO_0000461
E-GEOD-54456		SRR1146251	characteristic	organism	Homo sapiens	http://purl.obolibrary.org/obo/NCBITaxon_9606
E-GEOD-54456		SRR1146251	characteristic	organism part	skin	http://purl.obolibrary.org/obo/UBERON_0000014
E-GEOD-54456		SRR1146251	characteristic	phenotype	normal	http://purl.obolibrary.org/obo/PATO_0000461
E-GEOD-54456		SRR1146251	factor	disease	normal	http://purl.obolibrary.org/obo/PATO_0000461
E-GEOD-54456		SRR1146251	factor	phenotype	normal	http://purl.obolibrary.org/obo/PATO_0000461
E-GEOD-54456		SRR1146252	characteristic	disease	psoriasis	http://www.ebi.ac.uk/efo/EFO_0000676
E-GEOD-54456		SRR1146252	characteristic	organism	Homo sapiens	http://purl.obolibrary.org/obo/NCBITaxon_9606
E-GEOD-54456		SRR1146252	characteristic	organism part	skin	http://purl.obolibrary.org/obo/UBERON_0000014
E-GEOD-54456		SRR1146252	characteristic	phenotype	lesional skin
E-GEOD-54456		SRR1146252	factor	disease	psoriasis	http://www.ebi.ac.uk/efo/EFO_0000676
E-GEOD-54456		SRR1146252	factor	phenotype	lesional skin
E-GEOD-54456		SRR1146253	characteristic	disease	psoriasis	http://www.ebi.ac.uk/efo/EFO_0000676
E-GEOD-54456		SRR1146253	characteristic	organism	Homo sapiens	http://purl.obolibrary.org/obo/NCBITaxon_9606
E-GEOD-54456		SRR1146253	characteristic	organism part	skin	http://purl.obolibrary.org/obo/UBERON_0000014
E-GEOD-54456		SRR1146253	characteristic	phenotype	lesional skin
E-GEOD-54456		SRR1146253	factor	disease	psoriasis	http://www.ebi.ac.uk/efo/EFO_0000676
E-GEOD-54456		SRR1146253	factor	phenotype	lesional skin
E-GEOD-54456		SRR1146254	characteristic	disease	psoriasis	http://www.ebi.ac.uk/efo/EFO_0000676
E-GEOD-54456		SRR1146254	characteristic	organism	Homo sapiens	http://purl.obolibrary.org/obo/NCBITaxon_9606
E-GEOD-54456		SRR1146254	characteristic	organism part	skin	http://purl.obolibrary.org/obo/UBERON_0000014
E-GEOD-54456		SRR1146254	characteristic	phenotype	lesional skin
E-GEOD-54456		SRR1146254	factor	disease	psoriasis	http://www.ebi.ac.uk/efo/EFO_0000676
E-GEOD-54456		SRR1146254	factor	phenotype	lesional skin
