E-MTAB-7803		ERR3288620	characteristic	cell type	dendritic cell	http://purl.obolibrary.org/obo/CL_0000451
E-MTAB-7803		ERR3288620	characteristic	developmental stage	adult	http://www.ebi.ac.uk/efo/EFO_0001272
E-MTAB-7803		ERR3288620	characteristic	disease	normal	http://purl.obolibrary.org/obo/PATO_0000461
E-MTAB-7803		ERR3288620	characteristic	individual	D10
E-MTAB-7803		ERR3288620	characteristic	organism	Homo sapiens	http://purl.obolibrary.org/obo/NCBITaxon_9606
E-MTAB-7803		ERR3288620	characteristic	organism part	blood	http://purl.obolibrary.org/obo/UBERON_0000178
E-MTAB-7803		ERR3288620	factor	infect	Influenza A virus (A/California/07-00001/2009(H1N1))
E-MTAB-7803		ERR3288620	factor	stimulus	ssON; 0.5 micromolar
E-MTAB-7803		ERR3288620	factor	compound	poly(I:C)
E-MTAB-7803		ERR3288620	factor	dose	25 microgram per milliliter
E-MTAB-7803		ERR3288621	characteristic	cell type	dendritic cell	http://purl.obolibrary.org/obo/CL_0000451
E-MTAB-7803		ERR3288621	characteristic	developmental stage	adult	http://www.ebi.ac.uk/efo/EFO_0001272
E-MTAB-7803		ERR3288621	characteristic	disease	normal	http://purl.obolibrary.org/obo/PATO_0000461
E-MTAB-7803		ERR3288621	characteristic	individual	D10
E-MTAB-7803		ERR3288621	characteristic	organism	Homo sapiens	http://purl.obolibrary.org/obo/NCBITaxon_9606
E-MTAB-7803		ERR3288621	characteristic	organism part	blood	http://purl.obolibrary.org/obo/UBERON_0000178
E-MTAB-7803		ERR3288621	factor	infect	Influenza A virus (A/California/07-00001/2009(H1N1))
E-MTAB-7803		ERR3288621	factor	stimulus	ssON; 0.5 micromolar
E-MTAB-7803		ERR3288621	factor	compound	poly(I:C)
E-MTAB-7803		ERR3288621	factor	dose	25 microgram per milliliter
E-MTAB-7803		ERR3288622	characteristic	cell type	dendritic cell	http://purl.obolibrary.org/obo/CL_0000451
E-MTAB-7803		ERR3288622	characteristic	developmental stage	adult	http://www.ebi.ac.uk/efo/EFO_0001272
E-MTAB-7803		ERR3288622	characteristic	disease	normal	http://purl.obolibrary.org/obo/PATO_0000461
E-MTAB-7803		ERR3288622	characteristic	individual	D10
E-MTAB-7803		ERR3288622	characteristic	organism	Homo sapiens	http://purl.obolibrary.org/obo/NCBITaxon_9606
E-MTAB-7803		ERR3288622	characteristic	organism part	blood	http://purl.obolibrary.org/obo/UBERON_0000178
E-MTAB-7803		ERR3288622	factor	infect	Influenza A virus (A/California/07-00001/2009(H1N1))
E-MTAB-7803		ERR3288622	factor	stimulus	ssON; 0.5 micromolar
E-MTAB-7803		ERR3288622	factor	compound	poly(I:C)
E-MTAB-7803		ERR3288622	factor	dose	25 microgram per milliliter
E-MTAB-7803		ERR3288623	characteristic	cell type	dendritic cell	http://purl.obolibrary.org/obo/CL_0000451
E-MTAB-7803		ERR3288623	characteristic	developmental stage	adult	http://www.ebi.ac.uk/efo/EFO_0001272
E-MTAB-7803		ERR3288623	characteristic	disease	normal	http://purl.obolibrary.org/obo/PATO_0000461
E-MTAB-7803		ERR3288623	characteristic	individual	D10
E-MTAB-7803		ERR3288623	characteristic	organism	Homo sapiens	http://purl.obolibrary.org/obo/NCBITaxon_9606
E-MTAB-7803		ERR3288623	characteristic	organism part	blood	http://purl.obolibrary.org/obo/UBERON_0000178
E-MTAB-7803		ERR3288623	factor	infect	Influenza A virus (A/California/07-00001/2009(H1N1))
E-MTAB-7803		ERR3288623	factor	stimulus	ssON; 0.5 micromolar
E-MTAB-7803		ERR3288623	factor	compound	poly(I:C)
E-MTAB-7803		ERR3288623	factor	dose	25 microgram per milliliter
E-MTAB-7803		ERR3288624	characteristic	cell type	dendritic cell	http://purl.obolibrary.org/obo/CL_0000451
E-MTAB-7803		ERR3288624	characteristic	developmental stage	adult	http://www.ebi.ac.uk/efo/EFO_0001272
E-MTAB-7803		ERR3288624	characteristic	disease	normal	http://purl.obolibrary.org/obo/PATO_0000461
E-MTAB-7803		ERR3288624	characteristic	individual	D10
E-MTAB-7803		ERR3288624	characteristic	organism	Homo sapiens	http://purl.obolibrary.org/obo/NCBITaxon_9606
E-MTAB-7803		ERR3288624	characteristic	organism part	blood	http://purl.obolibrary.org/obo/UBERON_0000178
E-MTAB-7803		ERR3288624	factor	infect	Influenza A virus (A/California/07-00001/2009(H1N1))
E-MTAB-7803		ERR3288624	factor	stimulus	ssON; 0.5 micromolar
E-MTAB-7803		ERR3288624	factor	compound	poly(I:C)
E-MTAB-7803		ERR3288624	factor	dose	25 microgram per milliliter
E-MTAB-7803		ERR3288625	characteristic	cell type	dendritic cell	http://purl.obolibrary.org/obo/CL_0000451
E-MTAB-7803		ERR3288625	characteristic	developmental stage	adult	http://www.ebi.ac.uk/efo/EFO_0001272
E-MTAB-7803		ERR3288625	characteristic	disease	normal	http://purl.obolibrary.org/obo/PATO_0000461
E-MTAB-7803		ERR3288625	characteristic	individual	D11
E-MTAB-7803		ERR3288625	characteristic	organism	Homo sapiens	http://purl.obolibrary.org/obo/NCBITaxon_9606
E-MTAB-7803		ERR3288625	characteristic	organism part	blood	http://purl.obolibrary.org/obo/UBERON_0000178
E-MTAB-7803		ERR3288625	factor	infect	Influenza A virus (A/California/07-00001/2009(H1N1))
E-MTAB-7803		ERR3288625	factor	stimulus	ssON; 0.5 micromolar
E-MTAB-7803		ERR3288625	factor	compound	poly(I:C)
E-MTAB-7803		ERR3288625	factor	dose	25 microgram per milliliter
E-MTAB-7803		ERR3288626	characteristic	cell type	dendritic cell	http://purl.obolibrary.org/obo/CL_0000451
E-MTAB-7803		ERR3288626	characteristic	developmental stage	adult	http://www.ebi.ac.uk/efo/EFO_0001272
E-MTAB-7803		ERR3288626	characteristic	disease	normal	http://purl.obolibrary.org/obo/PATO_0000461
E-MTAB-7803		ERR3288626	characteristic	individual	D11
E-MTAB-7803		ERR3288626	characteristic	organism	Homo sapiens	http://purl.obolibrary.org/obo/NCBITaxon_9606
E-MTAB-7803		ERR3288626	characteristic	organism part	blood	http://purl.obolibrary.org/obo/UBERON_0000178
E-MTAB-7803		ERR3288626	factor	infect	Influenza A virus (A/California/07-00001/2009(H1N1))
E-MTAB-7803		ERR3288626	factor	stimulus	ssON; 0.5 micromolar
E-MTAB-7803		ERR3288626	factor	compound	poly(I:C)
E-MTAB-7803		ERR3288626	factor	dose	25 microgram per milliliter
E-MTAB-7803		ERR3288627	characteristic	cell type	dendritic cell	http://purl.obolibrary.org/obo/CL_0000451
E-MTAB-7803		ERR3288627	characteristic	developmental stage	adult	http://www.ebi.ac.uk/efo/EFO_0001272
E-MTAB-7803		ERR3288627	characteristic	disease	normal	http://purl.obolibrary.org/obo/PATO_0000461
E-MTAB-7803		ERR3288627	characteristic	individual	D11
E-MTAB-7803		ERR3288627	characteristic	organism	Homo sapiens	http://purl.obolibrary.org/obo/NCBITaxon_9606
E-MTAB-7803		ERR3288627	characteristic	organism part	blood	http://purl.obolibrary.org/obo/UBERON_0000178
E-MTAB-7803		ERR3288627	factor	infect	Influenza A virus (A/California/07-00001/2009(H1N1))
E-MTAB-7803		ERR3288627	factor	stimulus	ssON; 0.5 micromolar
E-MTAB-7803		ERR3288627	factor	compound	poly(I:C)
E-MTAB-7803		ERR3288627	factor	dose	25 microgram per milliliter
E-MTAB-7803		ERR3288628	characteristic	cell type	dendritic cell	http://purl.obolibrary.org/obo/CL_0000451
E-MTAB-7803		ERR3288628	characteristic	developmental stage	adult	http://www.ebi.ac.uk/efo/EFO_0001272
E-MTAB-7803		ERR3288628	characteristic	disease	normal	http://purl.obolibrary.org/obo/PATO_0000461
E-MTAB-7803		ERR3288628	characteristic	individual	D11
E-MTAB-7803		ERR3288628	characteristic	organism	Homo sapiens	http://purl.obolibrary.org/obo/NCBITaxon_9606
E-MTAB-7803		ERR3288628	characteristic	organism part	blood	http://purl.obolibrary.org/obo/UBERON_0000178
E-MTAB-7803		ERR3288628	factor	infect	Influenza A virus (A/California/07-00001/2009(H1N1))
E-MTAB-7803		ERR3288628	factor	stimulus	ssON; 0.5 micromolar
E-MTAB-7803		ERR3288628	factor	compound	poly(I:C)
E-MTAB-7803		ERR3288628	factor	dose	25 microgram per milliliter
E-MTAB-7803		ERR3288629	characteristic	cell type	dendritic cell	http://purl.obolibrary.org/obo/CL_0000451
E-MTAB-7803		ERR3288629	characteristic	developmental stage	adult	http://www.ebi.ac.uk/efo/EFO_0001272
E-MTAB-7803		ERR3288629	characteristic	disease	normal	http://purl.obolibrary.org/obo/PATO_0000461
E-MTAB-7803		ERR3288629	characteristic	individual	D11
E-MTAB-7803		ERR3288629	characteristic	organism	Homo sapiens	http://purl.obolibrary.org/obo/NCBITaxon_9606
E-MTAB-7803		ERR3288629	characteristic	organism part	blood	http://purl.obolibrary.org/obo/UBERON_0000178
E-MTAB-7803		ERR3288629	factor	infect	Influenza A virus (A/California/07-00001/2009(H1N1))
E-MTAB-7803		ERR3288629	factor	stimulus	ssON; 0.5 micromolar
E-MTAB-7803		ERR3288629	factor	compound	poly(I:C)
E-MTAB-7803		ERR3288629	factor	dose	25 microgram per milliliter
E-MTAB-7803		ERR3288630	characteristic	cell type	dendritic cell	http://purl.obolibrary.org/obo/CL_0000451
E-MTAB-7803		ERR3288630	characteristic	developmental stage	adult	http://www.ebi.ac.uk/efo/EFO_0001272
E-MTAB-7803		ERR3288630	characteristic	disease	normal	http://purl.obolibrary.org/obo/PATO_0000461
E-MTAB-7803		ERR3288630	characteristic	individual	D10
E-MTAB-7803		ERR3288630	characteristic	organism	Homo sapiens	http://purl.obolibrary.org/obo/NCBITaxon_9606
E-MTAB-7803		ERR3288630	characteristic	organism part	blood	http://purl.obolibrary.org/obo/UBERON_0000178
E-MTAB-7803		ERR3288630	factor	infect	Influenza A virus (A/California/07-00001/2009(H1N1))
E-MTAB-7803		ERR3288630	factor	stimulus	ssON; 0.5 micromolar
E-MTAB-7803		ERR3288630	factor	compound	poly(I:C)
E-MTAB-7803		ERR3288630	factor	dose	25 microgram per milliliter
E-MTAB-7803		ERR3288631	characteristic	cell type	dendritic cell	http://purl.obolibrary.org/obo/CL_0000451
E-MTAB-7803		ERR3288631	characteristic	developmental stage	adult	http://www.ebi.ac.uk/efo/EFO_0001272
E-MTAB-7803		ERR3288631	characteristic	disease	normal	http://purl.obolibrary.org/obo/PATO_0000461
E-MTAB-7803		ERR3288631	characteristic	individual	D10
E-MTAB-7803		ERR3288631	characteristic	organism	Homo sapiens	http://purl.obolibrary.org/obo/NCBITaxon_9606
E-MTAB-7803		ERR3288631	characteristic	organism part	blood	http://purl.obolibrary.org/obo/UBERON_0000178
E-MTAB-7803		ERR3288631	factor	infect	Influenza A virus (A/California/07-00001/2009(H1N1))
E-MTAB-7803		ERR3288631	factor	stimulus	ssON; 0.5 micromolar
E-MTAB-7803		ERR3288631	factor	compound	poly(I:C)
E-MTAB-7803		ERR3288631	factor	dose	25 microgram per milliliter
E-MTAB-7803		ERR3288632	characteristic	cell type	dendritic cell	http://purl.obolibrary.org/obo/CL_0000451
E-MTAB-7803		ERR3288632	characteristic	developmental stage	adult	http://www.ebi.ac.uk/efo/EFO_0001272
E-MTAB-7803		ERR3288632	characteristic	disease	normal	http://purl.obolibrary.org/obo/PATO_0000461
E-MTAB-7803		ERR3288632	characteristic	individual	D10
E-MTAB-7803		ERR3288632	characteristic	organism	Homo sapiens	http://purl.obolibrary.org/obo/NCBITaxon_9606
E-MTAB-7803		ERR3288632	characteristic	organism part	blood	http://purl.obolibrary.org/obo/UBERON_0000178
E-MTAB-7803		ERR3288632	factor	infect	Influenza A virus (A/California/07-00001/2009(H1N1))
E-MTAB-7803		ERR3288632	factor	stimulus	ssON; 0.5 micromolar
E-MTAB-7803		ERR3288632	factor	compound	poly(I:C)
E-MTAB-7803		ERR3288632	factor	dose	25 microgram per milliliter
E-MTAB-7803		ERR3288633	characteristic	cell type	dendritic cell	http://purl.obolibrary.org/obo/CL_0000451
E-MTAB-7803		ERR3288633	characteristic	developmental stage	adult	http://www.ebi.ac.uk/efo/EFO_0001272
E-MTAB-7803		ERR3288633	characteristic	disease	normal	http://purl.obolibrary.org/obo/PATO_0000461
E-MTAB-7803		ERR3288633	characteristic	individual	D10
E-MTAB-7803		ERR3288633	characteristic	organism	Homo sapiens	http://purl.obolibrary.org/obo/NCBITaxon_9606
E-MTAB-7803		ERR3288633	characteristic	organism part	blood	http://purl.obolibrary.org/obo/UBERON_0000178
E-MTAB-7803		ERR3288633	factor	infect	Influenza A virus (A/California/07-00001/2009(H1N1))
E-MTAB-7803		ERR3288633	factor	stimulus	ssON; 0.5 micromolar
E-MTAB-7803		ERR3288633	factor	compound	poly(I:C)
E-MTAB-7803		ERR3288633	factor	dose	25 microgram per milliliter
E-MTAB-7803		ERR3288634	characteristic	cell type	dendritic cell	http://purl.obolibrary.org/obo/CL_0000451
E-MTAB-7803		ERR3288634	characteristic	developmental stage	adult	http://www.ebi.ac.uk/efo/EFO_0001272
E-MTAB-7803		ERR3288634	characteristic	disease	normal	http://purl.obolibrary.org/obo/PATO_0000461
E-MTAB-7803		ERR3288634	characteristic	individual	D10
E-MTAB-7803		ERR3288634	characteristic	organism	Homo sapiens	http://purl.obolibrary.org/obo/NCBITaxon_9606
E-MTAB-7803		ERR3288634	characteristic	organism part	blood	http://purl.obolibrary.org/obo/UBERON_0000178
E-MTAB-7803		ERR3288634	factor	infect	Influenza A virus (A/California/07-00001/2009(H1N1))
E-MTAB-7803		ERR3288634	factor	stimulus	ssON; 0.5 micromolar
E-MTAB-7803		ERR3288634	factor	compound	poly(I:C)
E-MTAB-7803		ERR3288634	factor	dose	25 microgram per milliliter
E-MTAB-7803		ERR3288635	characteristic	cell type	dendritic cell	http://purl.obolibrary.org/obo/CL_0000451
E-MTAB-7803		ERR3288635	characteristic	developmental stage	adult	http://www.ebi.ac.uk/efo/EFO_0001272
E-MTAB-7803		ERR3288635	characteristic	disease	normal	http://purl.obolibrary.org/obo/PATO_0000461
E-MTAB-7803		ERR3288635	characteristic	individual	D11
E-MTAB-7803		ERR3288635	characteristic	organism	Homo sapiens	http://purl.obolibrary.org/obo/NCBITaxon_9606
E-MTAB-7803		ERR3288635	characteristic	organism part	blood	http://purl.obolibrary.org/obo/UBERON_0000178
E-MTAB-7803		ERR3288635	factor	infect	Influenza A virus (A/California/07-00001/2009(H1N1))
E-MTAB-7803		ERR3288635	factor	stimulus	ssON; 0.5 micromolar
E-MTAB-7803		ERR3288635	factor	compound	poly(I:C)
E-MTAB-7803		ERR3288635	factor	dose	25 microgram per milliliter
E-MTAB-7803		ERR3288636	characteristic	cell type	dendritic cell	http://purl.obolibrary.org/obo/CL_0000451
E-MTAB-7803		ERR3288636	characteristic	developmental stage	adult	http://www.ebi.ac.uk/efo/EFO_0001272
E-MTAB-7803		ERR3288636	characteristic	disease	normal	http://purl.obolibrary.org/obo/PATO_0000461
E-MTAB-7803		ERR3288636	characteristic	individual	D11
E-MTAB-7803		ERR3288636	characteristic	organism	Homo sapiens	http://purl.obolibrary.org/obo/NCBITaxon_9606
E-MTAB-7803		ERR3288636	characteristic	organism part	blood	http://purl.obolibrary.org/obo/UBERON_0000178
E-MTAB-7803		ERR3288636	factor	infect	Influenza A virus (A/California/07-00001/2009(H1N1))
E-MTAB-7803		ERR3288636	factor	stimulus	ssON; 0.5 micromolar
E-MTAB-7803		ERR3288636	factor	compound	poly(I:C)
E-MTAB-7803		ERR3288636	factor	dose	25 microgram per milliliter
E-MTAB-7803		ERR3288637	characteristic	cell type	dendritic cell	http://purl.obolibrary.org/obo/CL_0000451
E-MTAB-7803		ERR3288637	characteristic	developmental stage	adult	http://www.ebi.ac.uk/efo/EFO_0001272
E-MTAB-7803		ERR3288637	characteristic	disease	normal	http://purl.obolibrary.org/obo/PATO_0000461
E-MTAB-7803		ERR3288637	characteristic	individual	D11
E-MTAB-7803		ERR3288637	characteristic	organism	Homo sapiens	http://purl.obolibrary.org/obo/NCBITaxon_9606
E-MTAB-7803		ERR3288637	characteristic	organism part	blood	http://purl.obolibrary.org/obo/UBERON_0000178
E-MTAB-7803		ERR3288637	factor	infect	Influenza A virus (A/California/07-00001/2009(H1N1))
E-MTAB-7803		ERR3288637	factor	stimulus	ssON; 0.5 micromolar
E-MTAB-7803		ERR3288637	factor	compound	poly(I:C)
E-MTAB-7803		ERR3288637	factor	dose	25 microgram per milliliter
E-MTAB-7803		ERR3288638	characteristic	cell type	dendritic cell	http://purl.obolibrary.org/obo/CL_0000451
E-MTAB-7803		ERR3288638	characteristic	developmental stage	adult	http://www.ebi.ac.uk/efo/EFO_0001272
E-MTAB-7803		ERR3288638	characteristic	disease	normal	http://purl.obolibrary.org/obo/PATO_0000461
E-MTAB-7803		ERR3288638	characteristic	individual	D11
E-MTAB-7803		ERR3288638	characteristic	organism	Homo sapiens	http://purl.obolibrary.org/obo/NCBITaxon_9606
E-MTAB-7803		ERR3288638	characteristic	organism part	blood	http://purl.obolibrary.org/obo/UBERON_0000178
E-MTAB-7803		ERR3288638	factor	infect	Influenza A virus (A/California/07-00001/2009(H1N1))
E-MTAB-7803		ERR3288638	factor	stimulus	ssON; 0.5 micromolar
E-MTAB-7803		ERR3288638	factor	compound	poly(I:C)
E-MTAB-7803		ERR3288638	factor	dose	25 microgram per milliliter
E-MTAB-7803		ERR3288639	characteristic	cell type	dendritic cell	http://purl.obolibrary.org/obo/CL_0000451
E-MTAB-7803		ERR3288639	characteristic	developmental stage	adult	http://www.ebi.ac.uk/efo/EFO_0001272
E-MTAB-7803		ERR3288639	characteristic	disease	normal	http://purl.obolibrary.org/obo/PATO_0000461
E-MTAB-7803		ERR3288639	characteristic	individual	D11
E-MTAB-7803		ERR3288639	characteristic	organism	Homo sapiens	http://purl.obolibrary.org/obo/NCBITaxon_9606
E-MTAB-7803		ERR3288639	characteristic	organism part	blood	http://purl.obolibrary.org/obo/UBERON_0000178
E-MTAB-7803		ERR3288639	factor	infect	Influenza A virus (A/California/07-00001/2009(H1N1))
E-MTAB-7803		ERR3288639	factor	stimulus	ssON; 0.5 micromolar
E-MTAB-7803		ERR3288639	factor	compound	poly(I:C)
E-MTAB-7803		ERR3288639	factor	dose	25 microgram per milliliter
E-MTAB-7803		ERR3288640	characteristic	cell type	dendritic cell	http://purl.obolibrary.org/obo/CL_0000451
E-MTAB-7803		ERR3288640	characteristic	developmental stage	adult	http://www.ebi.ac.uk/efo/EFO_0001272
E-MTAB-7803		ERR3288640	characteristic	disease	normal	http://purl.obolibrary.org/obo/PATO_0000461
E-MTAB-7803		ERR3288640	characteristic	individual	D10
E-MTAB-7803		ERR3288640	characteristic	organism	Homo sapiens	http://purl.obolibrary.org/obo/NCBITaxon_9606
E-MTAB-7803		ERR3288640	characteristic	organism part	blood	http://purl.obolibrary.org/obo/UBERON_0000178
E-MTAB-7803		ERR3288640	factor	infect	none	http://www.ebi.ac.uk/efo/EFO_0001461
E-MTAB-7803		ERR3288640	factor	stimulus	ssON; 0.5 micromolar
E-MTAB-7803		ERR3288640	factor	compound	poly(I:C)
E-MTAB-7803		ERR3288640	factor	dose	25 microgram per milliliter
E-MTAB-7803		ERR3288641	characteristic	cell type	dendritic cell	http://purl.obolibrary.org/obo/CL_0000451
E-MTAB-7803		ERR3288641	characteristic	developmental stage	adult	http://www.ebi.ac.uk/efo/EFO_0001272
E-MTAB-7803		ERR3288641	characteristic	disease	normal	http://purl.obolibrary.org/obo/PATO_0000461
E-MTAB-7803		ERR3288641	characteristic	individual	D10
E-MTAB-7803		ERR3288641	characteristic	organism	Homo sapiens	http://purl.obolibrary.org/obo/NCBITaxon_9606
E-MTAB-7803		ERR3288641	characteristic	organism part	blood	http://purl.obolibrary.org/obo/UBERON_0000178
E-MTAB-7803		ERR3288641	factor	infect	none	http://www.ebi.ac.uk/efo/EFO_0001461
E-MTAB-7803		ERR3288641	factor	stimulus	ssON; 0.5 micromolar
E-MTAB-7803		ERR3288641	factor	compound	poly(I:C)
E-MTAB-7803		ERR3288641	factor	dose	25 microgram per milliliter
E-MTAB-7803		ERR3288642	characteristic	cell type	dendritic cell	http://purl.obolibrary.org/obo/CL_0000451
E-MTAB-7803		ERR3288642	characteristic	developmental stage	adult	http://www.ebi.ac.uk/efo/EFO_0001272
E-MTAB-7803		ERR3288642	characteristic	disease	normal	http://purl.obolibrary.org/obo/PATO_0000461
E-MTAB-7803		ERR3288642	characteristic	individual	D10
E-MTAB-7803		ERR3288642	characteristic	organism	Homo sapiens	http://purl.obolibrary.org/obo/NCBITaxon_9606
E-MTAB-7803		ERR3288642	characteristic	organism part	blood	http://purl.obolibrary.org/obo/UBERON_0000178
E-MTAB-7803		ERR3288642	factor	infect	none	http://www.ebi.ac.uk/efo/EFO_0001461
E-MTAB-7803		ERR3288642	factor	stimulus	ssON; 0.5 micromolar
E-MTAB-7803		ERR3288642	factor	compound	poly(I:C)
E-MTAB-7803		ERR3288642	factor	dose	25 microgram per milliliter
E-MTAB-7803		ERR3288643	characteristic	cell type	dendritic cell	http://purl.obolibrary.org/obo/CL_0000451
E-MTAB-7803		ERR3288643	characteristic	developmental stage	adult	http://www.ebi.ac.uk/efo/EFO_0001272
E-MTAB-7803		ERR3288643	characteristic	disease	normal	http://purl.obolibrary.org/obo/PATO_0000461
E-MTAB-7803		ERR3288643	characteristic	individual	D10
E-MTAB-7803		ERR3288643	characteristic	organism	Homo sapiens	http://purl.obolibrary.org/obo/NCBITaxon_9606
E-MTAB-7803		ERR3288643	characteristic	organism part	blood	http://purl.obolibrary.org/obo/UBERON_0000178
E-MTAB-7803		ERR3288643	factor	infect	none	http://www.ebi.ac.uk/efo/EFO_0001461
E-MTAB-7803		ERR3288643	factor	stimulus	ssON; 0.5 micromolar
E-MTAB-7803		ERR3288643	factor	compound	poly(I:C)
E-MTAB-7803		ERR3288643	factor	dose	25 microgram per milliliter
E-MTAB-7803		ERR3288644	characteristic	cell type	dendritic cell	http://purl.obolibrary.org/obo/CL_0000451
E-MTAB-7803		ERR3288644	characteristic	developmental stage	adult	http://www.ebi.ac.uk/efo/EFO_0001272
E-MTAB-7803		ERR3288644	characteristic	disease	normal	http://purl.obolibrary.org/obo/PATO_0000461
E-MTAB-7803		ERR3288644	characteristic	individual	D10
E-MTAB-7803		ERR3288644	characteristic	organism	Homo sapiens	http://purl.obolibrary.org/obo/NCBITaxon_9606
E-MTAB-7803		ERR3288644	characteristic	organism part	blood	http://purl.obolibrary.org/obo/UBERON_0000178
E-MTAB-7803		ERR3288644	factor	infect	none	http://www.ebi.ac.uk/efo/EFO_0001461
E-MTAB-7803		ERR3288644	factor	stimulus	ssON; 0.5 micromolar
E-MTAB-7803		ERR3288644	factor	compound	poly(I:C)
E-MTAB-7803		ERR3288644	factor	dose	25 microgram per milliliter
E-MTAB-7803		ERR3288645	characteristic	cell type	dendritic cell	http://purl.obolibrary.org/obo/CL_0000451
E-MTAB-7803		ERR3288645	characteristic	developmental stage	adult	http://www.ebi.ac.uk/efo/EFO_0001272
E-MTAB-7803		ERR3288645	characteristic	disease	normal	http://purl.obolibrary.org/obo/PATO_0000461
E-MTAB-7803		ERR3288645	characteristic	individual	D11
E-MTAB-7803		ERR3288645	characteristic	organism	Homo sapiens	http://purl.obolibrary.org/obo/NCBITaxon_9606
E-MTAB-7803		ERR3288645	characteristic	organism part	blood	http://purl.obolibrary.org/obo/UBERON_0000178
E-MTAB-7803		ERR3288645	factor	infect	none	http://www.ebi.ac.uk/efo/EFO_0001461
E-MTAB-7803		ERR3288645	factor	stimulus	ssON; 0.5 micromolar
E-MTAB-7803		ERR3288645	factor	compound	poly(I:C)
E-MTAB-7803		ERR3288645	factor	dose	25 microgram per milliliter
E-MTAB-7803		ERR3288646	characteristic	cell type	dendritic cell	http://purl.obolibrary.org/obo/CL_0000451
E-MTAB-7803		ERR3288646	characteristic	developmental stage	adult	http://www.ebi.ac.uk/efo/EFO_0001272
E-MTAB-7803		ERR3288646	characteristic	disease	normal	http://purl.obolibrary.org/obo/PATO_0000461
E-MTAB-7803		ERR3288646	characteristic	individual	D11
E-MTAB-7803		ERR3288646	characteristic	organism	Homo sapiens	http://purl.obolibrary.org/obo/NCBITaxon_9606
E-MTAB-7803		ERR3288646	characteristic	organism part	blood	http://purl.obolibrary.org/obo/UBERON_0000178
E-MTAB-7803		ERR3288646	factor	infect	none	http://www.ebi.ac.uk/efo/EFO_0001461
E-MTAB-7803		ERR3288646	factor	stimulus	ssON; 0.5 micromolar
E-MTAB-7803		ERR3288646	factor	compound	poly(I:C)
E-MTAB-7803		ERR3288646	factor	dose	25 microgram per milliliter
E-MTAB-7803		ERR3288647	characteristic	cell type	dendritic cell	http://purl.obolibrary.org/obo/CL_0000451
E-MTAB-7803		ERR3288647	characteristic	developmental stage	adult	http://www.ebi.ac.uk/efo/EFO_0001272
E-MTAB-7803		ERR3288647	characteristic	disease	normal	http://purl.obolibrary.org/obo/PATO_0000461
E-MTAB-7803		ERR3288647	characteristic	individual	D11
E-MTAB-7803		ERR3288647	characteristic	organism	Homo sapiens	http://purl.obolibrary.org/obo/NCBITaxon_9606
E-MTAB-7803		ERR3288647	characteristic	organism part	blood	http://purl.obolibrary.org/obo/UBERON_0000178
E-MTAB-7803		ERR3288647	factor	infect	none	http://www.ebi.ac.uk/efo/EFO_0001461
E-MTAB-7803		ERR3288647	factor	stimulus	ssON; 0.5 micromolar
E-MTAB-7803		ERR3288647	factor	compound	poly(I:C)
E-MTAB-7803		ERR3288647	factor	dose	25 microgram per milliliter
E-MTAB-7803		ERR3288648	characteristic	cell type	dendritic cell	http://purl.obolibrary.org/obo/CL_0000451
E-MTAB-7803		ERR3288648	characteristic	developmental stage	adult	http://www.ebi.ac.uk/efo/EFO_0001272
E-MTAB-7803		ERR3288648	characteristic	disease	normal	http://purl.obolibrary.org/obo/PATO_0000461
E-MTAB-7803		ERR3288648	characteristic	individual	D11
E-MTAB-7803		ERR3288648	characteristic	organism	Homo sapiens	http://purl.obolibrary.org/obo/NCBITaxon_9606
E-MTAB-7803		ERR3288648	characteristic	organism part	blood	http://purl.obolibrary.org/obo/UBERON_0000178
E-MTAB-7803		ERR3288648	factor	infect	none	http://www.ebi.ac.uk/efo/EFO_0001461
E-MTAB-7803		ERR3288648	factor	stimulus	ssON; 0.5 micromolar
E-MTAB-7803		ERR3288648	factor	compound	poly(I:C)
E-MTAB-7803		ERR3288648	factor	dose	25 microgram per milliliter
E-MTAB-7803		ERR3288649	characteristic	cell type	dendritic cell	http://purl.obolibrary.org/obo/CL_0000451
E-MTAB-7803		ERR3288649	characteristic	developmental stage	adult	http://www.ebi.ac.uk/efo/EFO_0001272
E-MTAB-7803		ERR3288649	characteristic	disease	normal	http://purl.obolibrary.org/obo/PATO_0000461
E-MTAB-7803		ERR3288649	characteristic	individual	D11
E-MTAB-7803		ERR3288649	characteristic	organism	Homo sapiens	http://purl.obolibrary.org/obo/NCBITaxon_9606
E-MTAB-7803		ERR3288649	characteristic	organism part	blood	http://purl.obolibrary.org/obo/UBERON_0000178
E-MTAB-7803		ERR3288649	factor	infect	none	http://www.ebi.ac.uk/efo/EFO_0001461
E-MTAB-7803		ERR3288649	factor	stimulus	ssON; 0.5 micromolar
E-MTAB-7803		ERR3288649	factor	compound	poly(I:C)
E-MTAB-7803		ERR3288649	factor	dose	25 microgram per milliliter
E-MTAB-7803		ERR3288650	characteristic	cell type	dendritic cell	http://purl.obolibrary.org/obo/CL_0000451
E-MTAB-7803		ERR3288650	characteristic	developmental stage	adult	http://www.ebi.ac.uk/efo/EFO_0001272
E-MTAB-7803		ERR3288650	characteristic	disease	normal	http://purl.obolibrary.org/obo/PATO_0000461
E-MTAB-7803		ERR3288650	characteristic	individual	D10
E-MTAB-7803		ERR3288650	characteristic	organism	Homo sapiens	http://purl.obolibrary.org/obo/NCBITaxon_9606
E-MTAB-7803		ERR3288650	characteristic	organism part	blood	http://purl.obolibrary.org/obo/UBERON_0000178
E-MTAB-7803		ERR3288650	factor	infect	Influenza A virus (A/California/07-00001/2009(H1N1))
E-MTAB-7803		ERR3288650	factor	stimulus	ssON; 0.5 micromolar
E-MTAB-7803		ERR3288650	factor	compound	none	http://www.ebi.ac.uk/efo/EFO_0001461
E-MTAB-7803		ERR3288651	characteristic	cell type	dendritic cell	http://purl.obolibrary.org/obo/CL_0000451
E-MTAB-7803		ERR3288651	characteristic	developmental stage	adult	http://www.ebi.ac.uk/efo/EFO_0001272
E-MTAB-7803		ERR3288651	characteristic	disease	normal	http://purl.obolibrary.org/obo/PATO_0000461
E-MTAB-7803		ERR3288651	characteristic	individual	D10
E-MTAB-7803		ERR3288651	characteristic	organism	Homo sapiens	http://purl.obolibrary.org/obo/NCBITaxon_9606
E-MTAB-7803		ERR3288651	characteristic	organism part	blood	http://purl.obolibrary.org/obo/UBERON_0000178
E-MTAB-7803		ERR3288651	factor	infect	Influenza A virus (A/California/07-00001/2009(H1N1))
E-MTAB-7803		ERR3288651	factor	stimulus	ssON; 0.5 micromolar
E-MTAB-7803		ERR3288651	factor	compound	none	http://www.ebi.ac.uk/efo/EFO_0001461
E-MTAB-7803		ERR3288652	characteristic	cell type	dendritic cell	http://purl.obolibrary.org/obo/CL_0000451
E-MTAB-7803		ERR3288652	characteristic	developmental stage	adult	http://www.ebi.ac.uk/efo/EFO_0001272
E-MTAB-7803		ERR3288652	characteristic	disease	normal	http://purl.obolibrary.org/obo/PATO_0000461
E-MTAB-7803		ERR3288652	characteristic	individual	D10
E-MTAB-7803		ERR3288652	characteristic	organism	Homo sapiens	http://purl.obolibrary.org/obo/NCBITaxon_9606
E-MTAB-7803		ERR3288652	characteristic	organism part	blood	http://purl.obolibrary.org/obo/UBERON_0000178
E-MTAB-7803		ERR3288652	factor	infect	Influenza A virus (A/California/07-00001/2009(H1N1))
E-MTAB-7803		ERR3288652	factor	stimulus	ssON; 0.5 micromolar
E-MTAB-7803		ERR3288652	factor	compound	none	http://www.ebi.ac.uk/efo/EFO_0001461
E-MTAB-7803		ERR3288653	characteristic	cell type	dendritic cell	http://purl.obolibrary.org/obo/CL_0000451
E-MTAB-7803		ERR3288653	characteristic	developmental stage	adult	http://www.ebi.ac.uk/efo/EFO_0001272
E-MTAB-7803		ERR3288653	characteristic	disease	normal	http://purl.obolibrary.org/obo/PATO_0000461
E-MTAB-7803		ERR3288653	characteristic	individual	D10
E-MTAB-7803		ERR3288653	characteristic	organism	Homo sapiens	http://purl.obolibrary.org/obo/NCBITaxon_9606
E-MTAB-7803		ERR3288653	characteristic	organism part	blood	http://purl.obolibrary.org/obo/UBERON_0000178
E-MTAB-7803		ERR3288653	factor	infect	Influenza A virus (A/California/07-00001/2009(H1N1))
E-MTAB-7803		ERR3288653	factor	stimulus	ssON; 0.5 micromolar
E-MTAB-7803		ERR3288653	factor	compound	none	http://www.ebi.ac.uk/efo/EFO_0001461
E-MTAB-7803		ERR3288654	characteristic	cell type	dendritic cell	http://purl.obolibrary.org/obo/CL_0000451
E-MTAB-7803		ERR3288654	characteristic	developmental stage	adult	http://www.ebi.ac.uk/efo/EFO_0001272
E-MTAB-7803		ERR3288654	characteristic	disease	normal	http://purl.obolibrary.org/obo/PATO_0000461
E-MTAB-7803		ERR3288654	characteristic	individual	D10
E-MTAB-7803		ERR3288654	characteristic	organism	Homo sapiens	http://purl.obolibrary.org/obo/NCBITaxon_9606
E-MTAB-7803		ERR3288654	characteristic	organism part	blood	http://purl.obolibrary.org/obo/UBERON_0000178
E-MTAB-7803		ERR3288654	factor	infect	Influenza A virus (A/California/07-00001/2009(H1N1))
E-MTAB-7803		ERR3288654	factor	stimulus	ssON; 0.5 micromolar
E-MTAB-7803		ERR3288654	factor	compound	none	http://www.ebi.ac.uk/efo/EFO_0001461
E-MTAB-7803		ERR3288655	characteristic	cell type	dendritic cell	http://purl.obolibrary.org/obo/CL_0000451
E-MTAB-7803		ERR3288655	characteristic	developmental stage	adult	http://www.ebi.ac.uk/efo/EFO_0001272
E-MTAB-7803		ERR3288655	characteristic	disease	normal	http://purl.obolibrary.org/obo/PATO_0000461
E-MTAB-7803		ERR3288655	characteristic	individual	D11
E-MTAB-7803		ERR3288655	characteristic	organism	Homo sapiens	http://purl.obolibrary.org/obo/NCBITaxon_9606
E-MTAB-7803		ERR3288655	characteristic	organism part	blood	http://purl.obolibrary.org/obo/UBERON_0000178
E-MTAB-7803		ERR3288655	factor	infect	Influenza A virus (A/California/07-00001/2009(H1N1))
E-MTAB-7803		ERR3288655	factor	stimulus	ssON; 0.5 micromolar
E-MTAB-7803		ERR3288655	factor	compound	none	http://www.ebi.ac.uk/efo/EFO_0001461
E-MTAB-7803		ERR3288656	characteristic	cell type	dendritic cell	http://purl.obolibrary.org/obo/CL_0000451
E-MTAB-7803		ERR3288656	characteristic	developmental stage	adult	http://www.ebi.ac.uk/efo/EFO_0001272
E-MTAB-7803		ERR3288656	characteristic	disease	normal	http://purl.obolibrary.org/obo/PATO_0000461
E-MTAB-7803		ERR3288656	characteristic	individual	D11
E-MTAB-7803		ERR3288656	characteristic	organism	Homo sapiens	http://purl.obolibrary.org/obo/NCBITaxon_9606
E-MTAB-7803		ERR3288656	characteristic	organism part	blood	http://purl.obolibrary.org/obo/UBERON_0000178
E-MTAB-7803		ERR3288656	factor	infect	Influenza A virus (A/California/07-00001/2009(H1N1))
E-MTAB-7803		ERR3288656	factor	stimulus	ssON; 0.5 micromolar
E-MTAB-7803		ERR3288656	factor	compound	none	http://www.ebi.ac.uk/efo/EFO_0001461
E-MTAB-7803		ERR3288657	characteristic	cell type	dendritic cell	http://purl.obolibrary.org/obo/CL_0000451
E-MTAB-7803		ERR3288657	characteristic	developmental stage	adult	http://www.ebi.ac.uk/efo/EFO_0001272
E-MTAB-7803		ERR3288657	characteristic	disease	normal	http://purl.obolibrary.org/obo/PATO_0000461
E-MTAB-7803		ERR3288657	characteristic	individual	D11
E-MTAB-7803		ERR3288657	characteristic	organism	Homo sapiens	http://purl.obolibrary.org/obo/NCBITaxon_9606
E-MTAB-7803		ERR3288657	characteristic	organism part	blood	http://purl.obolibrary.org/obo/UBERON_0000178
E-MTAB-7803		ERR3288657	factor	infect	Influenza A virus (A/California/07-00001/2009(H1N1))
E-MTAB-7803		ERR3288657	factor	stimulus	ssON; 0.5 micromolar
E-MTAB-7803		ERR3288657	factor	compound	none	http://www.ebi.ac.uk/efo/EFO_0001461
E-MTAB-7803		ERR3288658	characteristic	cell type	dendritic cell	http://purl.obolibrary.org/obo/CL_0000451
E-MTAB-7803		ERR3288658	characteristic	developmental stage	adult	http://www.ebi.ac.uk/efo/EFO_0001272
E-MTAB-7803		ERR3288658	characteristic	disease	normal	http://purl.obolibrary.org/obo/PATO_0000461
E-MTAB-7803		ERR3288658	characteristic	individual	D11
E-MTAB-7803		ERR3288658	characteristic	organism	Homo sapiens	http://purl.obolibrary.org/obo/NCBITaxon_9606
E-MTAB-7803		ERR3288658	characteristic	organism part	blood	http://purl.obolibrary.org/obo/UBERON_0000178
E-MTAB-7803		ERR3288658	factor	infect	Influenza A virus (A/California/07-00001/2009(H1N1))
E-MTAB-7803		ERR3288658	factor	stimulus	ssON; 0.5 micromolar
E-MTAB-7803		ERR3288658	factor	compound	none	http://www.ebi.ac.uk/efo/EFO_0001461
E-MTAB-7803		ERR3288659	characteristic	cell type	dendritic cell	http://purl.obolibrary.org/obo/CL_0000451
E-MTAB-7803		ERR3288659	characteristic	developmental stage	adult	http://www.ebi.ac.uk/efo/EFO_0001272
E-MTAB-7803		ERR3288659	characteristic	disease	normal	http://purl.obolibrary.org/obo/PATO_0000461
E-MTAB-7803		ERR3288659	characteristic	individual	D11
E-MTAB-7803		ERR3288659	characteristic	organism	Homo sapiens	http://purl.obolibrary.org/obo/NCBITaxon_9606
E-MTAB-7803		ERR3288659	characteristic	organism part	blood	http://purl.obolibrary.org/obo/UBERON_0000178
E-MTAB-7803		ERR3288659	factor	infect	Influenza A virus (A/California/07-00001/2009(H1N1))
E-MTAB-7803		ERR3288659	factor	stimulus	ssON; 0.5 micromolar
E-MTAB-7803		ERR3288659	factor	compound	none	http://www.ebi.ac.uk/efo/EFO_0001461
E-MTAB-7803		ERR3288660	characteristic	cell type	dendritic cell	http://purl.obolibrary.org/obo/CL_0000451
E-MTAB-7803		ERR3288660	characteristic	developmental stage	adult	http://www.ebi.ac.uk/efo/EFO_0001272
E-MTAB-7803		ERR3288660	characteristic	disease	normal	http://purl.obolibrary.org/obo/PATO_0000461
E-MTAB-7803		ERR3288660	characteristic	individual	D10
E-MTAB-7803		ERR3288660	characteristic	organism	Homo sapiens	http://purl.obolibrary.org/obo/NCBITaxon_9606
E-MTAB-7803		ERR3288660	characteristic	organism part	blood	http://purl.obolibrary.org/obo/UBERON_0000178
E-MTAB-7803		ERR3288660	factor	infect	Influenza A virus (A/California/07-00001/2009(H1N1))
E-MTAB-7803		ERR3288660	factor	stimulus	ssON; 0.5 micromolar
E-MTAB-7803		ERR3288660	factor	compound	none	http://www.ebi.ac.uk/efo/EFO_0001461
E-MTAB-7803		ERR3288661	characteristic	cell type	dendritic cell	http://purl.obolibrary.org/obo/CL_0000451
E-MTAB-7803		ERR3288661	characteristic	developmental stage	adult	http://www.ebi.ac.uk/efo/EFO_0001272
E-MTAB-7803		ERR3288661	characteristic	disease	normal	http://purl.obolibrary.org/obo/PATO_0000461
E-MTAB-7803		ERR3288661	characteristic	individual	D10
E-MTAB-7803		ERR3288661	characteristic	organism	Homo sapiens	http://purl.obolibrary.org/obo/NCBITaxon_9606
E-MTAB-7803		ERR3288661	characteristic	organism part	blood	http://purl.obolibrary.org/obo/UBERON_0000178
E-MTAB-7803		ERR3288661	factor	infect	Influenza A virus (A/California/07-00001/2009(H1N1))
E-MTAB-7803		ERR3288661	factor	stimulus	ssON; 0.5 micromolar
E-MTAB-7803		ERR3288661	factor	compound	none	http://www.ebi.ac.uk/efo/EFO_0001461
E-MTAB-7803		ERR3288662	characteristic	cell type	dendritic cell	http://purl.obolibrary.org/obo/CL_0000451
E-MTAB-7803		ERR3288662	characteristic	developmental stage	adult	http://www.ebi.ac.uk/efo/EFO_0001272
E-MTAB-7803		ERR3288662	characteristic	disease	normal	http://purl.obolibrary.org/obo/PATO_0000461
E-MTAB-7803		ERR3288662	characteristic	individual	D10
E-MTAB-7803		ERR3288662	characteristic	organism	Homo sapiens	http://purl.obolibrary.org/obo/NCBITaxon_9606
E-MTAB-7803		ERR3288662	characteristic	organism part	blood	http://purl.obolibrary.org/obo/UBERON_0000178
E-MTAB-7803		ERR3288662	factor	infect	Influenza A virus (A/California/07-00001/2009(H1N1))
E-MTAB-7803		ERR3288662	factor	stimulus	ssON; 0.5 micromolar
E-MTAB-7803		ERR3288662	factor	compound	none	http://www.ebi.ac.uk/efo/EFO_0001461
E-MTAB-7803		ERR3288663	characteristic	cell type	dendritic cell	http://purl.obolibrary.org/obo/CL_0000451
E-MTAB-7803		ERR3288663	characteristic	developmental stage	adult	http://www.ebi.ac.uk/efo/EFO_0001272
E-MTAB-7803		ERR3288663	characteristic	disease	normal	http://purl.obolibrary.org/obo/PATO_0000461
E-MTAB-7803		ERR3288663	characteristic	individual	D10
E-MTAB-7803		ERR3288663	characteristic	organism	Homo sapiens	http://purl.obolibrary.org/obo/NCBITaxon_9606
E-MTAB-7803		ERR3288663	characteristic	organism part	blood	http://purl.obolibrary.org/obo/UBERON_0000178
E-MTAB-7803		ERR3288663	factor	infect	Influenza A virus (A/California/07-00001/2009(H1N1))
E-MTAB-7803		ERR3288663	factor	stimulus	ssON; 0.5 micromolar
E-MTAB-7803		ERR3288663	factor	compound	none	http://www.ebi.ac.uk/efo/EFO_0001461
E-MTAB-7803		ERR3288664	characteristic	cell type	dendritic cell	http://purl.obolibrary.org/obo/CL_0000451
E-MTAB-7803		ERR3288664	characteristic	developmental stage	adult	http://www.ebi.ac.uk/efo/EFO_0001272
E-MTAB-7803		ERR3288664	characteristic	disease	normal	http://purl.obolibrary.org/obo/PATO_0000461
E-MTAB-7803		ERR3288664	characteristic	individual	D10
E-MTAB-7803		ERR3288664	characteristic	organism	Homo sapiens	http://purl.obolibrary.org/obo/NCBITaxon_9606
E-MTAB-7803		ERR3288664	characteristic	organism part	blood	http://purl.obolibrary.org/obo/UBERON_0000178
E-MTAB-7803		ERR3288664	factor	infect	Influenza A virus (A/California/07-00001/2009(H1N1))
E-MTAB-7803		ERR3288664	factor	stimulus	ssON; 0.5 micromolar
E-MTAB-7803		ERR3288664	factor	compound	none	http://www.ebi.ac.uk/efo/EFO_0001461
E-MTAB-7803		ERR3288665	characteristic	cell type	dendritic cell	http://purl.obolibrary.org/obo/CL_0000451
E-MTAB-7803		ERR3288665	characteristic	developmental stage	adult	http://www.ebi.ac.uk/efo/EFO_0001272
E-MTAB-7803		ERR3288665	characteristic	disease	normal	http://purl.obolibrary.org/obo/PATO_0000461
E-MTAB-7803		ERR3288665	characteristic	individual	D11
E-MTAB-7803		ERR3288665	characteristic	organism	Homo sapiens	http://purl.obolibrary.org/obo/NCBITaxon_9606
E-MTAB-7803		ERR3288665	characteristic	organism part	blood	http://purl.obolibrary.org/obo/UBERON_0000178
E-MTAB-7803		ERR3288665	factor	infect	Influenza A virus (A/California/07-00001/2009(H1N1))
E-MTAB-7803		ERR3288665	factor	stimulus	ssON; 0.5 micromolar
E-MTAB-7803		ERR3288665	factor	compound	none	http://www.ebi.ac.uk/efo/EFO_0001461
E-MTAB-7803		ERR3288666	characteristic	cell type	dendritic cell	http://purl.obolibrary.org/obo/CL_0000451
E-MTAB-7803		ERR3288666	characteristic	developmental stage	adult	http://www.ebi.ac.uk/efo/EFO_0001272
E-MTAB-7803		ERR3288666	characteristic	disease	normal	http://purl.obolibrary.org/obo/PATO_0000461
E-MTAB-7803		ERR3288666	characteristic	individual	D11
E-MTAB-7803		ERR3288666	characteristic	organism	Homo sapiens	http://purl.obolibrary.org/obo/NCBITaxon_9606
E-MTAB-7803		ERR3288666	characteristic	organism part	blood	http://purl.obolibrary.org/obo/UBERON_0000178
E-MTAB-7803		ERR3288666	factor	infect	Influenza A virus (A/California/07-00001/2009(H1N1))
E-MTAB-7803		ERR3288666	factor	stimulus	ssON; 0.5 micromolar
E-MTAB-7803		ERR3288666	factor	compound	none	http://www.ebi.ac.uk/efo/EFO_0001461
E-MTAB-7803		ERR3288667	characteristic	cell type	dendritic cell	http://purl.obolibrary.org/obo/CL_0000451
E-MTAB-7803		ERR3288667	characteristic	developmental stage	adult	http://www.ebi.ac.uk/efo/EFO_0001272
E-MTAB-7803		ERR3288667	characteristic	disease	normal	http://purl.obolibrary.org/obo/PATO_0000461
E-MTAB-7803		ERR3288667	characteristic	individual	D11
E-MTAB-7803		ERR3288667	characteristic	organism	Homo sapiens	http://purl.obolibrary.org/obo/NCBITaxon_9606
E-MTAB-7803		ERR3288667	characteristic	organism part	blood	http://purl.obolibrary.org/obo/UBERON_0000178
E-MTAB-7803		ERR3288667	factor	infect	Influenza A virus (A/California/07-00001/2009(H1N1))
E-MTAB-7803		ERR3288667	factor	stimulus	ssON; 0.5 micromolar
E-MTAB-7803		ERR3288667	factor	compound	none	http://www.ebi.ac.uk/efo/EFO_0001461
E-MTAB-7803		ERR3288668	characteristic	cell type	dendritic cell	http://purl.obolibrary.org/obo/CL_0000451
E-MTAB-7803		ERR3288668	characteristic	developmental stage	adult	http://www.ebi.ac.uk/efo/EFO_0001272
E-MTAB-7803		ERR3288668	characteristic	disease	normal	http://purl.obolibrary.org/obo/PATO_0000461
E-MTAB-7803		ERR3288668	characteristic	individual	D11
E-MTAB-7803		ERR3288668	characteristic	organism	Homo sapiens	http://purl.obolibrary.org/obo/NCBITaxon_9606
E-MTAB-7803		ERR3288668	characteristic	organism part	blood	http://purl.obolibrary.org/obo/UBERON_0000178
E-MTAB-7803		ERR3288668	factor	infect	Influenza A virus (A/California/07-00001/2009(H1N1))
E-MTAB-7803		ERR3288668	factor	stimulus	ssON; 0.5 micromolar
E-MTAB-7803		ERR3288668	factor	compound	none	http://www.ebi.ac.uk/efo/EFO_0001461
E-MTAB-7803		ERR3288669	characteristic	cell type	dendritic cell	http://purl.obolibrary.org/obo/CL_0000451
E-MTAB-7803		ERR3288669	characteristic	developmental stage	adult	http://www.ebi.ac.uk/efo/EFO_0001272
E-MTAB-7803		ERR3288669	characteristic	disease	normal	http://purl.obolibrary.org/obo/PATO_0000461
E-MTAB-7803		ERR3288669	characteristic	individual	D11
E-MTAB-7803		ERR3288669	characteristic	organism	Homo sapiens	http://purl.obolibrary.org/obo/NCBITaxon_9606
E-MTAB-7803		ERR3288669	characteristic	organism part	blood	http://purl.obolibrary.org/obo/UBERON_0000178
E-MTAB-7803		ERR3288669	factor	infect	Influenza A virus (A/California/07-00001/2009(H1N1))
E-MTAB-7803		ERR3288669	factor	stimulus	ssON; 0.5 micromolar
E-MTAB-7803		ERR3288669	factor	compound	none	http://www.ebi.ac.uk/efo/EFO_0001461
E-MTAB-7803		ERR3288670	characteristic	cell type	dendritic cell	http://purl.obolibrary.org/obo/CL_0000451
E-MTAB-7803		ERR3288670	characteristic	developmental stage	adult	http://www.ebi.ac.uk/efo/EFO_0001272
E-MTAB-7803		ERR3288670	characteristic	disease	normal	http://purl.obolibrary.org/obo/PATO_0000461
E-MTAB-7803		ERR3288670	characteristic	individual	D10
E-MTAB-7803		ERR3288670	characteristic	organism	Homo sapiens	http://purl.obolibrary.org/obo/NCBITaxon_9606
E-MTAB-7803		ERR3288670	characteristic	organism part	blood	http://purl.obolibrary.org/obo/UBERON_0000178
E-MTAB-7803		ERR3288670	factor	infect	none	http://www.ebi.ac.uk/efo/EFO_0001461
E-MTAB-7803		ERR3288670	factor	stimulus	ssON; 0.5 micromolar
E-MTAB-7803		ERR3288670	factor	compound	none	http://www.ebi.ac.uk/efo/EFO_0001461
E-MTAB-7803		ERR3288671	characteristic	cell type	dendritic cell	http://purl.obolibrary.org/obo/CL_0000451
E-MTAB-7803		ERR3288671	characteristic	developmental stage	adult	http://www.ebi.ac.uk/efo/EFO_0001272
E-MTAB-7803		ERR3288671	characteristic	disease	normal	http://purl.obolibrary.org/obo/PATO_0000461
E-MTAB-7803		ERR3288671	characteristic	individual	D10
E-MTAB-7803		ERR3288671	characteristic	organism	Homo sapiens	http://purl.obolibrary.org/obo/NCBITaxon_9606
E-MTAB-7803		ERR3288671	characteristic	organism part	blood	http://purl.obolibrary.org/obo/UBERON_0000178
E-MTAB-7803		ERR3288671	factor	infect	none	http://www.ebi.ac.uk/efo/EFO_0001461
E-MTAB-7803		ERR3288671	factor	stimulus	ssON; 0.5 micromolar
E-MTAB-7803		ERR3288671	factor	compound	none	http://www.ebi.ac.uk/efo/EFO_0001461
E-MTAB-7803		ERR3288672	characteristic	cell type	dendritic cell	http://purl.obolibrary.org/obo/CL_0000451
E-MTAB-7803		ERR3288672	characteristic	developmental stage	adult	http://www.ebi.ac.uk/efo/EFO_0001272
E-MTAB-7803		ERR3288672	characteristic	disease	normal	http://purl.obolibrary.org/obo/PATO_0000461
E-MTAB-7803		ERR3288672	characteristic	individual	D10
E-MTAB-7803		ERR3288672	characteristic	organism	Homo sapiens	http://purl.obolibrary.org/obo/NCBITaxon_9606
E-MTAB-7803		ERR3288672	characteristic	organism part	blood	http://purl.obolibrary.org/obo/UBERON_0000178
E-MTAB-7803		ERR3288672	factor	infect	none	http://www.ebi.ac.uk/efo/EFO_0001461
E-MTAB-7803		ERR3288672	factor	stimulus	ssON; 0.5 micromolar
E-MTAB-7803		ERR3288672	factor	compound	none	http://www.ebi.ac.uk/efo/EFO_0001461
E-MTAB-7803		ERR3288673	characteristic	cell type	dendritic cell	http://purl.obolibrary.org/obo/CL_0000451
E-MTAB-7803		ERR3288673	characteristic	developmental stage	adult	http://www.ebi.ac.uk/efo/EFO_0001272
E-MTAB-7803		ERR3288673	characteristic	disease	normal	http://purl.obolibrary.org/obo/PATO_0000461
E-MTAB-7803		ERR3288673	characteristic	individual	D10
E-MTAB-7803		ERR3288673	characteristic	organism	Homo sapiens	http://purl.obolibrary.org/obo/NCBITaxon_9606
E-MTAB-7803		ERR3288673	characteristic	organism part	blood	http://purl.obolibrary.org/obo/UBERON_0000178
E-MTAB-7803		ERR3288673	factor	infect	none	http://www.ebi.ac.uk/efo/EFO_0001461
E-MTAB-7803		ERR3288673	factor	stimulus	ssON; 0.5 micromolar
E-MTAB-7803		ERR3288673	factor	compound	none	http://www.ebi.ac.uk/efo/EFO_0001461
E-MTAB-7803		ERR3288674	characteristic	cell type	dendritic cell	http://purl.obolibrary.org/obo/CL_0000451
E-MTAB-7803		ERR3288674	characteristic	developmental stage	adult	http://www.ebi.ac.uk/efo/EFO_0001272
E-MTAB-7803		ERR3288674	characteristic	disease	normal	http://purl.obolibrary.org/obo/PATO_0000461
E-MTAB-7803		ERR3288674	characteristic	individual	D10
E-MTAB-7803		ERR3288674	characteristic	organism	Homo sapiens	http://purl.obolibrary.org/obo/NCBITaxon_9606
E-MTAB-7803		ERR3288674	characteristic	organism part	blood	http://purl.obolibrary.org/obo/UBERON_0000178
E-MTAB-7803		ERR3288674	factor	infect	none	http://www.ebi.ac.uk/efo/EFO_0001461
E-MTAB-7803		ERR3288674	factor	stimulus	ssON; 0.5 micromolar
E-MTAB-7803		ERR3288674	factor	compound	none	http://www.ebi.ac.uk/efo/EFO_0001461
E-MTAB-7803		ERR3288675	characteristic	cell type	dendritic cell	http://purl.obolibrary.org/obo/CL_0000451
E-MTAB-7803		ERR3288675	characteristic	developmental stage	adult	http://www.ebi.ac.uk/efo/EFO_0001272
E-MTAB-7803		ERR3288675	characteristic	disease	normal	http://purl.obolibrary.org/obo/PATO_0000461
E-MTAB-7803		ERR3288675	characteristic	individual	D11
E-MTAB-7803		ERR3288675	characteristic	organism	Homo sapiens	http://purl.obolibrary.org/obo/NCBITaxon_9606
E-MTAB-7803		ERR3288675	characteristic	organism part	blood	http://purl.obolibrary.org/obo/UBERON_0000178
E-MTAB-7803		ERR3288675	factor	infect	none	http://www.ebi.ac.uk/efo/EFO_0001461
E-MTAB-7803		ERR3288675	factor	stimulus	ssON; 0.5 micromolar
E-MTAB-7803		ERR3288675	factor	compound	none	http://www.ebi.ac.uk/efo/EFO_0001461
E-MTAB-7803		ERR3288676	characteristic	cell type	dendritic cell	http://purl.obolibrary.org/obo/CL_0000451
E-MTAB-7803		ERR3288676	characteristic	developmental stage	adult	http://www.ebi.ac.uk/efo/EFO_0001272
E-MTAB-7803		ERR3288676	characteristic	disease	normal	http://purl.obolibrary.org/obo/PATO_0000461
E-MTAB-7803		ERR3288676	characteristic	individual	D11
E-MTAB-7803		ERR3288676	characteristic	organism	Homo sapiens	http://purl.obolibrary.org/obo/NCBITaxon_9606
E-MTAB-7803		ERR3288676	characteristic	organism part	blood	http://purl.obolibrary.org/obo/UBERON_0000178
E-MTAB-7803		ERR3288676	factor	infect	none	http://www.ebi.ac.uk/efo/EFO_0001461
E-MTAB-7803		ERR3288676	factor	stimulus	ssON; 0.5 micromolar
E-MTAB-7803		ERR3288676	factor	compound	none	http://www.ebi.ac.uk/efo/EFO_0001461
E-MTAB-7803		ERR3288677	characteristic	cell type	dendritic cell	http://purl.obolibrary.org/obo/CL_0000451
E-MTAB-7803		ERR3288677	characteristic	developmental stage	adult	http://www.ebi.ac.uk/efo/EFO_0001272
E-MTAB-7803		ERR3288677	characteristic	disease	normal	http://purl.obolibrary.org/obo/PATO_0000461
E-MTAB-7803		ERR3288677	characteristic	individual	D11
E-MTAB-7803		ERR3288677	characteristic	organism	Homo sapiens	http://purl.obolibrary.org/obo/NCBITaxon_9606
E-MTAB-7803		ERR3288677	characteristic	organism part	blood	http://purl.obolibrary.org/obo/UBERON_0000178
E-MTAB-7803		ERR3288677	factor	infect	none	http://www.ebi.ac.uk/efo/EFO_0001461
E-MTAB-7803		ERR3288677	factor	stimulus	ssON; 0.5 micromolar
E-MTAB-7803		ERR3288677	factor	compound	none	http://www.ebi.ac.uk/efo/EFO_0001461
E-MTAB-7803		ERR3288678	characteristic	cell type	dendritic cell	http://purl.obolibrary.org/obo/CL_0000451
E-MTAB-7803		ERR3288678	characteristic	developmental stage	adult	http://www.ebi.ac.uk/efo/EFO_0001272
E-MTAB-7803		ERR3288678	characteristic	disease	normal	http://purl.obolibrary.org/obo/PATO_0000461
E-MTAB-7803		ERR3288678	characteristic	individual	D11
E-MTAB-7803		ERR3288678	characteristic	organism	Homo sapiens	http://purl.obolibrary.org/obo/NCBITaxon_9606
E-MTAB-7803		ERR3288678	characteristic	organism part	blood	http://purl.obolibrary.org/obo/UBERON_0000178
E-MTAB-7803		ERR3288678	factor	infect	none	http://www.ebi.ac.uk/efo/EFO_0001461
E-MTAB-7803		ERR3288678	factor	stimulus	ssON; 0.5 micromolar
E-MTAB-7803		ERR3288678	factor	compound	none	http://www.ebi.ac.uk/efo/EFO_0001461
E-MTAB-7803		ERR3288679	characteristic	cell type	dendritic cell	http://purl.obolibrary.org/obo/CL_0000451
E-MTAB-7803		ERR3288679	characteristic	developmental stage	adult	http://www.ebi.ac.uk/efo/EFO_0001272
E-MTAB-7803		ERR3288679	characteristic	disease	normal	http://purl.obolibrary.org/obo/PATO_0000461
E-MTAB-7803		ERR3288679	characteristic	individual	D11
E-MTAB-7803		ERR3288679	characteristic	organism	Homo sapiens	http://purl.obolibrary.org/obo/NCBITaxon_9606
E-MTAB-7803		ERR3288679	characteristic	organism part	blood	http://purl.obolibrary.org/obo/UBERON_0000178
E-MTAB-7803		ERR3288679	factor	infect	none	http://www.ebi.ac.uk/efo/EFO_0001461
E-MTAB-7803		ERR3288679	factor	stimulus	ssON; 0.5 micromolar
E-MTAB-7803		ERR3288679	factor	compound	none	http://www.ebi.ac.uk/efo/EFO_0001461
E-MTAB-7803		ERR3288680	characteristic	cell type	dendritic cell	http://purl.obolibrary.org/obo/CL_0000451
E-MTAB-7803		ERR3288680	characteristic	developmental stage	adult	http://www.ebi.ac.uk/efo/EFO_0001272
E-MTAB-7803		ERR3288680	characteristic	disease	normal	http://purl.obolibrary.org/obo/PATO_0000461
E-MTAB-7803		ERR3288680	characteristic	individual	D10
E-MTAB-7803		ERR3288680	characteristic	organism	Homo sapiens	http://purl.obolibrary.org/obo/NCBITaxon_9606
E-MTAB-7803		ERR3288680	characteristic	organism part	blood	http://purl.obolibrary.org/obo/UBERON_0000178
E-MTAB-7803		ERR3288680	factor	infect	none	http://www.ebi.ac.uk/efo/EFO_0001461
E-MTAB-7803		ERR3288680	factor	stimulus	none	http://www.ebi.ac.uk/efo/EFO_0001461
E-MTAB-7803		ERR3288680	factor	compound	none	http://www.ebi.ac.uk/efo/EFO_0001461
E-MTAB-7803		ERR3288681	characteristic	cell type	dendritic cell	http://purl.obolibrary.org/obo/CL_0000451
E-MTAB-7803		ERR3288681	characteristic	developmental stage	adult	http://www.ebi.ac.uk/efo/EFO_0001272
E-MTAB-7803		ERR3288681	characteristic	disease	normal	http://purl.obolibrary.org/obo/PATO_0000461
E-MTAB-7803		ERR3288681	characteristic	individual	D10
E-MTAB-7803		ERR3288681	characteristic	organism	Homo sapiens	http://purl.obolibrary.org/obo/NCBITaxon_9606
E-MTAB-7803		ERR3288681	characteristic	organism part	blood	http://purl.obolibrary.org/obo/UBERON_0000178
E-MTAB-7803		ERR3288681	factor	infect	none	http://www.ebi.ac.uk/efo/EFO_0001461
E-MTAB-7803		ERR3288681	factor	stimulus	none	http://www.ebi.ac.uk/efo/EFO_0001461
E-MTAB-7803		ERR3288681	factor	compound	none	http://www.ebi.ac.uk/efo/EFO_0001461
E-MTAB-7803		ERR3288682	characteristic	cell type	dendritic cell	http://purl.obolibrary.org/obo/CL_0000451
E-MTAB-7803		ERR3288682	characteristic	developmental stage	adult	http://www.ebi.ac.uk/efo/EFO_0001272
E-MTAB-7803		ERR3288682	characteristic	disease	normal	http://purl.obolibrary.org/obo/PATO_0000461
E-MTAB-7803		ERR3288682	characteristic	individual	D10
E-MTAB-7803		ERR3288682	characteristic	organism	Homo sapiens	http://purl.obolibrary.org/obo/NCBITaxon_9606
E-MTAB-7803		ERR3288682	characteristic	organism part	blood	http://purl.obolibrary.org/obo/UBERON_0000178
E-MTAB-7803		ERR3288682	factor	infect	none	http://www.ebi.ac.uk/efo/EFO_0001461
E-MTAB-7803		ERR3288682	factor	stimulus	none	http://www.ebi.ac.uk/efo/EFO_0001461
E-MTAB-7803		ERR3288682	factor	compound	none	http://www.ebi.ac.uk/efo/EFO_0001461
E-MTAB-7803		ERR3288683	characteristic	cell type	dendritic cell	http://purl.obolibrary.org/obo/CL_0000451
E-MTAB-7803		ERR3288683	characteristic	developmental stage	adult	http://www.ebi.ac.uk/efo/EFO_0001272
E-MTAB-7803		ERR3288683	characteristic	disease	normal	http://purl.obolibrary.org/obo/PATO_0000461
E-MTAB-7803		ERR3288683	characteristic	individual	D10
E-MTAB-7803		ERR3288683	characteristic	organism	Homo sapiens	http://purl.obolibrary.org/obo/NCBITaxon_9606
E-MTAB-7803		ERR3288683	characteristic	organism part	blood	http://purl.obolibrary.org/obo/UBERON_0000178
E-MTAB-7803		ERR3288683	factor	infect	none	http://www.ebi.ac.uk/efo/EFO_0001461
E-MTAB-7803		ERR3288683	factor	stimulus	none	http://www.ebi.ac.uk/efo/EFO_0001461
E-MTAB-7803		ERR3288683	factor	compound	none	http://www.ebi.ac.uk/efo/EFO_0001461
E-MTAB-7803		ERR3288684	characteristic	cell type	dendritic cell	http://purl.obolibrary.org/obo/CL_0000451
E-MTAB-7803		ERR3288684	characteristic	developmental stage	adult	http://www.ebi.ac.uk/efo/EFO_0001272
E-MTAB-7803		ERR3288684	characteristic	disease	normal	http://purl.obolibrary.org/obo/PATO_0000461
E-MTAB-7803		ERR3288684	characteristic	individual	D10
E-MTAB-7803		ERR3288684	characteristic	organism	Homo sapiens	http://purl.obolibrary.org/obo/NCBITaxon_9606
E-MTAB-7803		ERR3288684	characteristic	organism part	blood	http://purl.obolibrary.org/obo/UBERON_0000178
E-MTAB-7803		ERR3288684	factor	infect	none	http://www.ebi.ac.uk/efo/EFO_0001461
E-MTAB-7803		ERR3288684	factor	stimulus	none	http://www.ebi.ac.uk/efo/EFO_0001461
E-MTAB-7803		ERR3288684	factor	compound	none	http://www.ebi.ac.uk/efo/EFO_0001461
E-MTAB-7803		ERR3288685	characteristic	cell type	dendritic cell	http://purl.obolibrary.org/obo/CL_0000451
E-MTAB-7803		ERR3288685	characteristic	developmental stage	adult	http://www.ebi.ac.uk/efo/EFO_0001272
E-MTAB-7803		ERR3288685	characteristic	disease	normal	http://purl.obolibrary.org/obo/PATO_0000461
E-MTAB-7803		ERR3288685	characteristic	individual	D11
E-MTAB-7803		ERR3288685	characteristic	organism	Homo sapiens	http://purl.obolibrary.org/obo/NCBITaxon_9606
E-MTAB-7803		ERR3288685	characteristic	organism part	blood	http://purl.obolibrary.org/obo/UBERON_0000178
E-MTAB-7803		ERR3288685	factor	infect	none	http://www.ebi.ac.uk/efo/EFO_0001461
E-MTAB-7803		ERR3288685	factor	stimulus	none	http://www.ebi.ac.uk/efo/EFO_0001461
E-MTAB-7803		ERR3288685	factor	compound	none	http://www.ebi.ac.uk/efo/EFO_0001461
E-MTAB-7803		ERR3288686	characteristic	cell type	dendritic cell	http://purl.obolibrary.org/obo/CL_0000451
E-MTAB-7803		ERR3288686	characteristic	developmental stage	adult	http://www.ebi.ac.uk/efo/EFO_0001272
E-MTAB-7803		ERR3288686	characteristic	disease	normal	http://purl.obolibrary.org/obo/PATO_0000461
E-MTAB-7803		ERR3288686	characteristic	individual	D11
E-MTAB-7803		ERR3288686	characteristic	organism	Homo sapiens	http://purl.obolibrary.org/obo/NCBITaxon_9606
E-MTAB-7803		ERR3288686	characteristic	organism part	blood	http://purl.obolibrary.org/obo/UBERON_0000178
E-MTAB-7803		ERR3288686	factor	infect	none	http://www.ebi.ac.uk/efo/EFO_0001461
E-MTAB-7803		ERR3288686	factor	stimulus	none	http://www.ebi.ac.uk/efo/EFO_0001461
E-MTAB-7803		ERR3288686	factor	compound	none	http://www.ebi.ac.uk/efo/EFO_0001461
E-MTAB-7803		ERR3288687	characteristic	cell type	dendritic cell	http://purl.obolibrary.org/obo/CL_0000451
E-MTAB-7803		ERR3288687	characteristic	developmental stage	adult	http://www.ebi.ac.uk/efo/EFO_0001272
E-MTAB-7803		ERR3288687	characteristic	disease	normal	http://purl.obolibrary.org/obo/PATO_0000461
E-MTAB-7803		ERR3288687	characteristic	individual	D11
E-MTAB-7803		ERR3288687	characteristic	organism	Homo sapiens	http://purl.obolibrary.org/obo/NCBITaxon_9606
E-MTAB-7803		ERR3288687	characteristic	organism part	blood	http://purl.obolibrary.org/obo/UBERON_0000178
E-MTAB-7803		ERR3288687	factor	infect	none	http://www.ebi.ac.uk/efo/EFO_0001461
E-MTAB-7803		ERR3288687	factor	stimulus	none	http://www.ebi.ac.uk/efo/EFO_0001461
E-MTAB-7803		ERR3288687	factor	compound	none	http://www.ebi.ac.uk/efo/EFO_0001461
E-MTAB-7803		ERR3288688	characteristic	cell type	dendritic cell	http://purl.obolibrary.org/obo/CL_0000451
E-MTAB-7803		ERR3288688	characteristic	developmental stage	adult	http://www.ebi.ac.uk/efo/EFO_0001272
E-MTAB-7803		ERR3288688	characteristic	disease	normal	http://purl.obolibrary.org/obo/PATO_0000461
E-MTAB-7803		ERR3288688	characteristic	individual	D11
E-MTAB-7803		ERR3288688	characteristic	organism	Homo sapiens	http://purl.obolibrary.org/obo/NCBITaxon_9606
E-MTAB-7803		ERR3288688	characteristic	organism part	blood	http://purl.obolibrary.org/obo/UBERON_0000178
E-MTAB-7803		ERR3288688	factor	infect	none	http://www.ebi.ac.uk/efo/EFO_0001461
E-MTAB-7803		ERR3288688	factor	stimulus	none	http://www.ebi.ac.uk/efo/EFO_0001461
E-MTAB-7803		ERR3288688	factor	compound	none	http://www.ebi.ac.uk/efo/EFO_0001461
E-MTAB-7803		ERR3288689	characteristic	cell type	dendritic cell	http://purl.obolibrary.org/obo/CL_0000451
E-MTAB-7803		ERR3288689	characteristic	developmental stage	adult	http://www.ebi.ac.uk/efo/EFO_0001272
E-MTAB-7803		ERR3288689	characteristic	disease	normal	http://purl.obolibrary.org/obo/PATO_0000461
E-MTAB-7803		ERR3288689	characteristic	individual	D11
E-MTAB-7803		ERR3288689	characteristic	organism	Homo sapiens	http://purl.obolibrary.org/obo/NCBITaxon_9606
E-MTAB-7803		ERR3288689	characteristic	organism part	blood	http://purl.obolibrary.org/obo/UBERON_0000178
E-MTAB-7803		ERR3288689	factor	infect	none	http://www.ebi.ac.uk/efo/EFO_0001461
E-MTAB-7803		ERR3288689	factor	stimulus	none	http://www.ebi.ac.uk/efo/EFO_0001461
E-MTAB-7803		ERR3288689	factor	compound	none	http://www.ebi.ac.uk/efo/EFO_0001461
E-MTAB-7803		ERR3288690	characteristic	cell type	dendritic cell	http://purl.obolibrary.org/obo/CL_0000451
E-MTAB-7803		ERR3288690	characteristic	developmental stage	adult	http://www.ebi.ac.uk/efo/EFO_0001272
E-MTAB-7803		ERR3288690	characteristic	disease	normal	http://purl.obolibrary.org/obo/PATO_0000461
E-MTAB-7803		ERR3288690	characteristic	individual	D10
E-MTAB-7803		ERR3288690	characteristic	organism	Homo sapiens	http://purl.obolibrary.org/obo/NCBITaxon_9606
E-MTAB-7803		ERR3288690	characteristic	organism part	blood	http://purl.obolibrary.org/obo/UBERON_0000178
E-MTAB-7803		ERR3288690	factor	infect	Influenza A virus (A/California/07-00001/2009(H1N1))
E-MTAB-7803		ERR3288690	factor	stimulus	none	http://www.ebi.ac.uk/efo/EFO_0001461
E-MTAB-7803		ERR3288690	factor	compound	none	http://www.ebi.ac.uk/efo/EFO_0001461
E-MTAB-7803		ERR3288691	characteristic	cell type	dendritic cell	http://purl.obolibrary.org/obo/CL_0000451
E-MTAB-7803		ERR3288691	characteristic	developmental stage	adult	http://www.ebi.ac.uk/efo/EFO_0001272
E-MTAB-7803		ERR3288691	characteristic	disease	normal	http://purl.obolibrary.org/obo/PATO_0000461
E-MTAB-7803		ERR3288691	characteristic	individual	D10
E-MTAB-7803		ERR3288691	characteristic	organism	Homo sapiens	http://purl.obolibrary.org/obo/NCBITaxon_9606
E-MTAB-7803		ERR3288691	characteristic	organism part	blood	http://purl.obolibrary.org/obo/UBERON_0000178
E-MTAB-7803		ERR3288691	factor	infect	Influenza A virus (A/California/07-00001/2009(H1N1))
E-MTAB-7803		ERR3288691	factor	stimulus	none	http://www.ebi.ac.uk/efo/EFO_0001461
E-MTAB-7803		ERR3288691	factor	compound	none	http://www.ebi.ac.uk/efo/EFO_0001461
E-MTAB-7803		ERR3288692	characteristic	cell type	dendritic cell	http://purl.obolibrary.org/obo/CL_0000451
E-MTAB-7803		ERR3288692	characteristic	developmental stage	adult	http://www.ebi.ac.uk/efo/EFO_0001272
E-MTAB-7803		ERR3288692	characteristic	disease	normal	http://purl.obolibrary.org/obo/PATO_0000461
E-MTAB-7803		ERR3288692	characteristic	individual	D10
E-MTAB-7803		ERR3288692	characteristic	organism	Homo sapiens	http://purl.obolibrary.org/obo/NCBITaxon_9606
E-MTAB-7803		ERR3288692	characteristic	organism part	blood	http://purl.obolibrary.org/obo/UBERON_0000178
E-MTAB-7803		ERR3288692	factor	infect	Influenza A virus (A/California/07-00001/2009(H1N1))
E-MTAB-7803		ERR3288692	factor	stimulus	none	http://www.ebi.ac.uk/efo/EFO_0001461
E-MTAB-7803		ERR3288692	factor	compound	none	http://www.ebi.ac.uk/efo/EFO_0001461
E-MTAB-7803		ERR3288693	characteristic	cell type	dendritic cell	http://purl.obolibrary.org/obo/CL_0000451
E-MTAB-7803		ERR3288693	characteristic	developmental stage	adult	http://www.ebi.ac.uk/efo/EFO_0001272
E-MTAB-7803		ERR3288693	characteristic	disease	normal	http://purl.obolibrary.org/obo/PATO_0000461
E-MTAB-7803		ERR3288693	characteristic	individual	D10
E-MTAB-7803		ERR3288693	characteristic	organism	Homo sapiens	http://purl.obolibrary.org/obo/NCBITaxon_9606
E-MTAB-7803		ERR3288693	characteristic	organism part	blood	http://purl.obolibrary.org/obo/UBERON_0000178
E-MTAB-7803		ERR3288693	factor	infect	Influenza A virus (A/California/07-00001/2009(H1N1))
E-MTAB-7803		ERR3288693	factor	stimulus	none	http://www.ebi.ac.uk/efo/EFO_0001461
E-MTAB-7803		ERR3288693	factor	compound	none	http://www.ebi.ac.uk/efo/EFO_0001461
E-MTAB-7803		ERR3288694	characteristic	cell type	dendritic cell	http://purl.obolibrary.org/obo/CL_0000451
E-MTAB-7803		ERR3288694	characteristic	developmental stage	adult	http://www.ebi.ac.uk/efo/EFO_0001272
E-MTAB-7803		ERR3288694	characteristic	disease	normal	http://purl.obolibrary.org/obo/PATO_0000461
E-MTAB-7803		ERR3288694	characteristic	individual	D10
E-MTAB-7803		ERR3288694	characteristic	organism	Homo sapiens	http://purl.obolibrary.org/obo/NCBITaxon_9606
E-MTAB-7803		ERR3288694	characteristic	organism part	blood	http://purl.obolibrary.org/obo/UBERON_0000178
E-MTAB-7803		ERR3288694	factor	infect	Influenza A virus (A/California/07-00001/2009(H1N1))
E-MTAB-7803		ERR3288694	factor	stimulus	none	http://www.ebi.ac.uk/efo/EFO_0001461
E-MTAB-7803		ERR3288694	factor	compound	none	http://www.ebi.ac.uk/efo/EFO_0001461
E-MTAB-7803		ERR3288695	characteristic	cell type	dendritic cell	http://purl.obolibrary.org/obo/CL_0000451
E-MTAB-7803		ERR3288695	characteristic	developmental stage	adult	http://www.ebi.ac.uk/efo/EFO_0001272
E-MTAB-7803		ERR3288695	characteristic	disease	normal	http://purl.obolibrary.org/obo/PATO_0000461
E-MTAB-7803		ERR3288695	characteristic	individual	D11
E-MTAB-7803		ERR3288695	characteristic	organism	Homo sapiens	http://purl.obolibrary.org/obo/NCBITaxon_9606
E-MTAB-7803		ERR3288695	characteristic	organism part	blood	http://purl.obolibrary.org/obo/UBERON_0000178
E-MTAB-7803		ERR3288695	factor	infect	Influenza A virus (A/California/07-00001/2009(H1N1))
E-MTAB-7803		ERR3288695	factor	stimulus	none	http://www.ebi.ac.uk/efo/EFO_0001461
E-MTAB-7803		ERR3288695	factor	compound	none	http://www.ebi.ac.uk/efo/EFO_0001461
E-MTAB-7803		ERR3288696	characteristic	cell type	dendritic cell	http://purl.obolibrary.org/obo/CL_0000451
E-MTAB-7803		ERR3288696	characteristic	developmental stage	adult	http://www.ebi.ac.uk/efo/EFO_0001272
E-MTAB-7803		ERR3288696	characteristic	disease	normal	http://purl.obolibrary.org/obo/PATO_0000461
E-MTAB-7803		ERR3288696	characteristic	individual	D11
E-MTAB-7803		ERR3288696	characteristic	organism	Homo sapiens	http://purl.obolibrary.org/obo/NCBITaxon_9606
E-MTAB-7803		ERR3288696	characteristic	organism part	blood	http://purl.obolibrary.org/obo/UBERON_0000178
E-MTAB-7803		ERR3288696	factor	infect	Influenza A virus (A/California/07-00001/2009(H1N1))
E-MTAB-7803		ERR3288696	factor	stimulus	none	http://www.ebi.ac.uk/efo/EFO_0001461
E-MTAB-7803		ERR3288696	factor	compound	none	http://www.ebi.ac.uk/efo/EFO_0001461
E-MTAB-7803		ERR3288697	characteristic	cell type	dendritic cell	http://purl.obolibrary.org/obo/CL_0000451
E-MTAB-7803		ERR3288697	characteristic	developmental stage	adult	http://www.ebi.ac.uk/efo/EFO_0001272
E-MTAB-7803		ERR3288697	characteristic	disease	normal	http://purl.obolibrary.org/obo/PATO_0000461
E-MTAB-7803		ERR3288697	characteristic	individual	D11
E-MTAB-7803		ERR3288697	characteristic	organism	Homo sapiens	http://purl.obolibrary.org/obo/NCBITaxon_9606
E-MTAB-7803		ERR3288697	characteristic	organism part	blood	http://purl.obolibrary.org/obo/UBERON_0000178
E-MTAB-7803		ERR3288697	factor	infect	Influenza A virus (A/California/07-00001/2009(H1N1))
E-MTAB-7803		ERR3288697	factor	stimulus	none	http://www.ebi.ac.uk/efo/EFO_0001461
E-MTAB-7803		ERR3288697	factor	compound	none	http://www.ebi.ac.uk/efo/EFO_0001461
E-MTAB-7803		ERR3288698	characteristic	cell type	dendritic cell	http://purl.obolibrary.org/obo/CL_0000451
E-MTAB-7803		ERR3288698	characteristic	developmental stage	adult	http://www.ebi.ac.uk/efo/EFO_0001272
E-MTAB-7803		ERR3288698	characteristic	disease	normal	http://purl.obolibrary.org/obo/PATO_0000461
E-MTAB-7803		ERR3288698	characteristic	individual	D11
E-MTAB-7803		ERR3288698	characteristic	organism	Homo sapiens	http://purl.obolibrary.org/obo/NCBITaxon_9606
E-MTAB-7803		ERR3288698	characteristic	organism part	blood	http://purl.obolibrary.org/obo/UBERON_0000178
E-MTAB-7803		ERR3288698	factor	infect	Influenza A virus (A/California/07-00001/2009(H1N1))
E-MTAB-7803		ERR3288698	factor	stimulus	none	http://www.ebi.ac.uk/efo/EFO_0001461
E-MTAB-7803		ERR3288698	factor	compound	none	http://www.ebi.ac.uk/efo/EFO_0001461
E-MTAB-7803		ERR3288699	characteristic	cell type	dendritic cell	http://purl.obolibrary.org/obo/CL_0000451
E-MTAB-7803		ERR3288699	characteristic	developmental stage	adult	http://www.ebi.ac.uk/efo/EFO_0001272
E-MTAB-7803		ERR3288699	characteristic	disease	normal	http://purl.obolibrary.org/obo/PATO_0000461
E-MTAB-7803		ERR3288699	characteristic	individual	D11
E-MTAB-7803		ERR3288699	characteristic	organism	Homo sapiens	http://purl.obolibrary.org/obo/NCBITaxon_9606
E-MTAB-7803		ERR3288699	characteristic	organism part	blood	http://purl.obolibrary.org/obo/UBERON_0000178
E-MTAB-7803		ERR3288699	factor	infect	Influenza A virus (A/California/07-00001/2009(H1N1))
E-MTAB-7803		ERR3288699	factor	stimulus	none	http://www.ebi.ac.uk/efo/EFO_0001461
E-MTAB-7803		ERR3288699	factor	compound	none	http://www.ebi.ac.uk/efo/EFO_0001461
E-MTAB-7803		ERR3288700	characteristic	cell type	dendritic cell	http://purl.obolibrary.org/obo/CL_0000451
E-MTAB-7803		ERR3288700	characteristic	developmental stage	adult	http://www.ebi.ac.uk/efo/EFO_0001272
E-MTAB-7803		ERR3288700	characteristic	disease	normal	http://purl.obolibrary.org/obo/PATO_0000461
E-MTAB-7803		ERR3288700	characteristic	individual	D10
E-MTAB-7803		ERR3288700	characteristic	organism	Homo sapiens	http://purl.obolibrary.org/obo/NCBITaxon_9606
E-MTAB-7803		ERR3288700	characteristic	organism part	blood	http://purl.obolibrary.org/obo/UBERON_0000178
E-MTAB-7803		ERR3288700	factor	infect	Influenza A virus (A/California/07-00001/2009(H1N1))
E-MTAB-7803		ERR3288700	factor	stimulus	none	http://www.ebi.ac.uk/efo/EFO_0001461
E-MTAB-7803		ERR3288700	factor	compound	poly(I:C)
E-MTAB-7803		ERR3288700	factor	dose	25 microgram per milliliter
E-MTAB-7803		ERR3288701	characteristic	cell type	dendritic cell	http://purl.obolibrary.org/obo/CL_0000451
E-MTAB-7803		ERR3288701	characteristic	developmental stage	adult	http://www.ebi.ac.uk/efo/EFO_0001272
E-MTAB-7803		ERR3288701	characteristic	disease	normal	http://purl.obolibrary.org/obo/PATO_0000461
E-MTAB-7803		ERR3288701	characteristic	individual	D10
E-MTAB-7803		ERR3288701	characteristic	organism	Homo sapiens	http://purl.obolibrary.org/obo/NCBITaxon_9606
E-MTAB-7803		ERR3288701	characteristic	organism part	blood	http://purl.obolibrary.org/obo/UBERON_0000178
E-MTAB-7803		ERR3288701	factor	infect	Influenza A virus (A/California/07-00001/2009(H1N1))
E-MTAB-7803		ERR3288701	factor	stimulus	none	http://www.ebi.ac.uk/efo/EFO_0001461
E-MTAB-7803		ERR3288701	factor	compound	poly(I:C)
E-MTAB-7803		ERR3288701	factor	dose	25 microgram per milliliter
E-MTAB-7803		ERR3288702	characteristic	cell type	dendritic cell	http://purl.obolibrary.org/obo/CL_0000451
E-MTAB-7803		ERR3288702	characteristic	developmental stage	adult	http://www.ebi.ac.uk/efo/EFO_0001272
E-MTAB-7803		ERR3288702	characteristic	disease	normal	http://purl.obolibrary.org/obo/PATO_0000461
E-MTAB-7803		ERR3288702	characteristic	individual	D10
E-MTAB-7803		ERR3288702	characteristic	organism	Homo sapiens	http://purl.obolibrary.org/obo/NCBITaxon_9606
E-MTAB-7803		ERR3288702	characteristic	organism part	blood	http://purl.obolibrary.org/obo/UBERON_0000178
E-MTAB-7803		ERR3288702	factor	infect	Influenza A virus (A/California/07-00001/2009(H1N1))
E-MTAB-7803		ERR3288702	factor	stimulus	none	http://www.ebi.ac.uk/efo/EFO_0001461
E-MTAB-7803		ERR3288702	factor	compound	poly(I:C)
E-MTAB-7803		ERR3288702	factor	dose	25 microgram per milliliter
E-MTAB-7803		ERR3288703	characteristic	cell type	dendritic cell	http://purl.obolibrary.org/obo/CL_0000451
E-MTAB-7803		ERR3288703	characteristic	developmental stage	adult	http://www.ebi.ac.uk/efo/EFO_0001272
E-MTAB-7803		ERR3288703	characteristic	disease	normal	http://purl.obolibrary.org/obo/PATO_0000461
E-MTAB-7803		ERR3288703	characteristic	individual	D10
E-MTAB-7803		ERR3288703	characteristic	organism	Homo sapiens	http://purl.obolibrary.org/obo/NCBITaxon_9606
E-MTAB-7803		ERR3288703	characteristic	organism part	blood	http://purl.obolibrary.org/obo/UBERON_0000178
E-MTAB-7803		ERR3288703	factor	infect	Influenza A virus (A/California/07-00001/2009(H1N1))
E-MTAB-7803		ERR3288703	factor	stimulus	none	http://www.ebi.ac.uk/efo/EFO_0001461
E-MTAB-7803		ERR3288703	factor	compound	poly(I:C)
E-MTAB-7803		ERR3288703	factor	dose	25 microgram per milliliter
E-MTAB-7803		ERR3288704	characteristic	cell type	dendritic cell	http://purl.obolibrary.org/obo/CL_0000451
E-MTAB-7803		ERR3288704	characteristic	developmental stage	adult	http://www.ebi.ac.uk/efo/EFO_0001272
E-MTAB-7803		ERR3288704	characteristic	disease	normal	http://purl.obolibrary.org/obo/PATO_0000461
E-MTAB-7803		ERR3288704	characteristic	individual	D10
E-MTAB-7803		ERR3288704	characteristic	organism	Homo sapiens	http://purl.obolibrary.org/obo/NCBITaxon_9606
E-MTAB-7803		ERR3288704	characteristic	organism part	blood	http://purl.obolibrary.org/obo/UBERON_0000178
E-MTAB-7803		ERR3288704	factor	infect	Influenza A virus (A/California/07-00001/2009(H1N1))
E-MTAB-7803		ERR3288704	factor	stimulus	none	http://www.ebi.ac.uk/efo/EFO_0001461
E-MTAB-7803		ERR3288704	factor	compound	poly(I:C)
E-MTAB-7803		ERR3288704	factor	dose	25 microgram per milliliter
E-MTAB-7803		ERR3288705	characteristic	cell type	dendritic cell	http://purl.obolibrary.org/obo/CL_0000451
E-MTAB-7803		ERR3288705	characteristic	developmental stage	adult	http://www.ebi.ac.uk/efo/EFO_0001272
E-MTAB-7803		ERR3288705	characteristic	disease	normal	http://purl.obolibrary.org/obo/PATO_0000461
E-MTAB-7803		ERR3288705	characteristic	individual	D11
E-MTAB-7803		ERR3288705	characteristic	organism	Homo sapiens	http://purl.obolibrary.org/obo/NCBITaxon_9606
E-MTAB-7803		ERR3288705	characteristic	organism part	blood	http://purl.obolibrary.org/obo/UBERON_0000178
E-MTAB-7803		ERR3288705	factor	infect	Influenza A virus (A/California/07-00001/2009(H1N1))
E-MTAB-7803		ERR3288705	factor	stimulus	none	http://www.ebi.ac.uk/efo/EFO_0001461
E-MTAB-7803		ERR3288705	factor	compound	poly(I:C)
E-MTAB-7803		ERR3288705	factor	dose	25 microgram per milliliter
E-MTAB-7803		ERR3288706	characteristic	cell type	dendritic cell	http://purl.obolibrary.org/obo/CL_0000451
E-MTAB-7803		ERR3288706	characteristic	developmental stage	adult	http://www.ebi.ac.uk/efo/EFO_0001272
E-MTAB-7803		ERR3288706	characteristic	disease	normal	http://purl.obolibrary.org/obo/PATO_0000461
E-MTAB-7803		ERR3288706	characteristic	individual	D11
E-MTAB-7803		ERR3288706	characteristic	organism	Homo sapiens	http://purl.obolibrary.org/obo/NCBITaxon_9606
E-MTAB-7803		ERR3288706	characteristic	organism part	blood	http://purl.obolibrary.org/obo/UBERON_0000178
E-MTAB-7803		ERR3288706	factor	infect	Influenza A virus (A/California/07-00001/2009(H1N1))
E-MTAB-7803		ERR3288706	factor	stimulus	none	http://www.ebi.ac.uk/efo/EFO_0001461
E-MTAB-7803		ERR3288706	factor	compound	poly(I:C)
E-MTAB-7803		ERR3288706	factor	dose	25 microgram per milliliter
E-MTAB-7803		ERR3288707	characteristic	cell type	dendritic cell	http://purl.obolibrary.org/obo/CL_0000451
E-MTAB-7803		ERR3288707	characteristic	developmental stage	adult	http://www.ebi.ac.uk/efo/EFO_0001272
E-MTAB-7803		ERR3288707	characteristic	disease	normal	http://purl.obolibrary.org/obo/PATO_0000461
E-MTAB-7803		ERR3288707	characteristic	individual	D11
E-MTAB-7803		ERR3288707	characteristic	organism	Homo sapiens	http://purl.obolibrary.org/obo/NCBITaxon_9606
E-MTAB-7803		ERR3288707	characteristic	organism part	blood	http://purl.obolibrary.org/obo/UBERON_0000178
E-MTAB-7803		ERR3288707	factor	infect	Influenza A virus (A/California/07-00001/2009(H1N1))
E-MTAB-7803		ERR3288707	factor	stimulus	none	http://www.ebi.ac.uk/efo/EFO_0001461
E-MTAB-7803		ERR3288707	factor	compound	poly(I:C)
E-MTAB-7803		ERR3288707	factor	dose	25 microgram per milliliter
E-MTAB-7803		ERR3288708	characteristic	cell type	dendritic cell	http://purl.obolibrary.org/obo/CL_0000451
E-MTAB-7803		ERR3288708	characteristic	developmental stage	adult	http://www.ebi.ac.uk/efo/EFO_0001272
E-MTAB-7803		ERR3288708	characteristic	disease	normal	http://purl.obolibrary.org/obo/PATO_0000461
E-MTAB-7803		ERR3288708	characteristic	individual	D11
E-MTAB-7803		ERR3288708	characteristic	organism	Homo sapiens	http://purl.obolibrary.org/obo/NCBITaxon_9606
E-MTAB-7803		ERR3288708	characteristic	organism part	blood	http://purl.obolibrary.org/obo/UBERON_0000178
E-MTAB-7803		ERR3288708	factor	infect	Influenza A virus (A/California/07-00001/2009(H1N1))
E-MTAB-7803		ERR3288708	factor	stimulus	none	http://www.ebi.ac.uk/efo/EFO_0001461
E-MTAB-7803		ERR3288708	factor	compound	poly(I:C)
E-MTAB-7803		ERR3288708	factor	dose	25 microgram per milliliter
E-MTAB-7803		ERR3288709	characteristic	cell type	dendritic cell	http://purl.obolibrary.org/obo/CL_0000451
E-MTAB-7803		ERR3288709	characteristic	developmental stage	adult	http://www.ebi.ac.uk/efo/EFO_0001272
E-MTAB-7803		ERR3288709	characteristic	disease	normal	http://purl.obolibrary.org/obo/PATO_0000461
E-MTAB-7803		ERR3288709	characteristic	individual	D11
E-MTAB-7803		ERR3288709	characteristic	organism	Homo sapiens	http://purl.obolibrary.org/obo/NCBITaxon_9606
E-MTAB-7803		ERR3288709	characteristic	organism part	blood	http://purl.obolibrary.org/obo/UBERON_0000178
E-MTAB-7803		ERR3288709	factor	infect	Influenza A virus (A/California/07-00001/2009(H1N1))
E-MTAB-7803		ERR3288709	factor	stimulus	none	http://www.ebi.ac.uk/efo/EFO_0001461
E-MTAB-7803		ERR3288709	factor	compound	poly(I:C)
E-MTAB-7803		ERR3288709	factor	dose	25 microgram per milliliter
E-MTAB-7803		ERR3288710	characteristic	cell type	dendritic cell	http://purl.obolibrary.org/obo/CL_0000451
E-MTAB-7803		ERR3288710	characteristic	developmental stage	adult	http://www.ebi.ac.uk/efo/EFO_0001272
E-MTAB-7803		ERR3288710	characteristic	disease	normal	http://purl.obolibrary.org/obo/PATO_0000461
E-MTAB-7803		ERR3288710	characteristic	individual	D10
E-MTAB-7803		ERR3288710	characteristic	organism	Homo sapiens	http://purl.obolibrary.org/obo/NCBITaxon_9606
E-MTAB-7803		ERR3288710	characteristic	organism part	blood	http://purl.obolibrary.org/obo/UBERON_0000178
E-MTAB-7803		ERR3288710	factor	infect	Influenza A virus (A/California/07-00001/2009(H1N1))
E-MTAB-7803		ERR3288710	factor	stimulus	none	http://www.ebi.ac.uk/efo/EFO_0001461
E-MTAB-7803		ERR3288710	factor	compound	poly(I:C)
E-MTAB-7803		ERR3288710	factor	dose	25 microgram per milliliter
E-MTAB-7803		ERR3288711	characteristic	cell type	dendritic cell	http://purl.obolibrary.org/obo/CL_0000451
E-MTAB-7803		ERR3288711	characteristic	developmental stage	adult	http://www.ebi.ac.uk/efo/EFO_0001272
E-MTAB-7803		ERR3288711	characteristic	disease	normal	http://purl.obolibrary.org/obo/PATO_0000461
E-MTAB-7803		ERR3288711	characteristic	individual	D10
E-MTAB-7803		ERR3288711	characteristic	organism	Homo sapiens	http://purl.obolibrary.org/obo/NCBITaxon_9606
E-MTAB-7803		ERR3288711	characteristic	organism part	blood	http://purl.obolibrary.org/obo/UBERON_0000178
E-MTAB-7803		ERR3288711	factor	infect	Influenza A virus (A/California/07-00001/2009(H1N1))
E-MTAB-7803		ERR3288711	factor	stimulus	none	http://www.ebi.ac.uk/efo/EFO_0001461
E-MTAB-7803		ERR3288711	factor	compound	poly(I:C)
E-MTAB-7803		ERR3288711	factor	dose	25 microgram per milliliter
E-MTAB-7803		ERR3288712	characteristic	cell type	dendritic cell	http://purl.obolibrary.org/obo/CL_0000451
E-MTAB-7803		ERR3288712	characteristic	developmental stage	adult	http://www.ebi.ac.uk/efo/EFO_0001272
E-MTAB-7803		ERR3288712	characteristic	disease	normal	http://purl.obolibrary.org/obo/PATO_0000461
E-MTAB-7803		ERR3288712	characteristic	individual	D10
E-MTAB-7803		ERR3288712	characteristic	organism	Homo sapiens	http://purl.obolibrary.org/obo/NCBITaxon_9606
E-MTAB-7803		ERR3288712	characteristic	organism part	blood	http://purl.obolibrary.org/obo/UBERON_0000178
E-MTAB-7803		ERR3288712	factor	infect	Influenza A virus (A/California/07-00001/2009(H1N1))
E-MTAB-7803		ERR3288712	factor	stimulus	none	http://www.ebi.ac.uk/efo/EFO_0001461
E-MTAB-7803		ERR3288712	factor	compound	poly(I:C)
E-MTAB-7803		ERR3288712	factor	dose	25 microgram per milliliter
E-MTAB-7803		ERR3288713	characteristic	cell type	dendritic cell	http://purl.obolibrary.org/obo/CL_0000451
E-MTAB-7803		ERR3288713	characteristic	developmental stage	adult	http://www.ebi.ac.uk/efo/EFO_0001272
E-MTAB-7803		ERR3288713	characteristic	disease	normal	http://purl.obolibrary.org/obo/PATO_0000461
E-MTAB-7803		ERR3288713	characteristic	individual	D10
E-MTAB-7803		ERR3288713	characteristic	organism	Homo sapiens	http://purl.obolibrary.org/obo/NCBITaxon_9606
E-MTAB-7803		ERR3288713	characteristic	organism part	blood	http://purl.obolibrary.org/obo/UBERON_0000178
E-MTAB-7803		ERR3288713	factor	infect	Influenza A virus (A/California/07-00001/2009(H1N1))
E-MTAB-7803		ERR3288713	factor	stimulus	none	http://www.ebi.ac.uk/efo/EFO_0001461
E-MTAB-7803		ERR3288713	factor	compound	poly(I:C)
E-MTAB-7803		ERR3288713	factor	dose	25 microgram per milliliter
E-MTAB-7803		ERR3288714	characteristic	cell type	dendritic cell	http://purl.obolibrary.org/obo/CL_0000451
E-MTAB-7803		ERR3288714	characteristic	developmental stage	adult	http://www.ebi.ac.uk/efo/EFO_0001272
E-MTAB-7803		ERR3288714	characteristic	disease	normal	http://purl.obolibrary.org/obo/PATO_0000461
E-MTAB-7803		ERR3288714	characteristic	individual	D10
E-MTAB-7803		ERR3288714	characteristic	organism	Homo sapiens	http://purl.obolibrary.org/obo/NCBITaxon_9606
E-MTAB-7803		ERR3288714	characteristic	organism part	blood	http://purl.obolibrary.org/obo/UBERON_0000178
E-MTAB-7803		ERR3288714	factor	infect	Influenza A virus (A/California/07-00001/2009(H1N1))
E-MTAB-7803		ERR3288714	factor	stimulus	none	http://www.ebi.ac.uk/efo/EFO_0001461
E-MTAB-7803		ERR3288714	factor	compound	poly(I:C)
E-MTAB-7803		ERR3288714	factor	dose	25 microgram per milliliter
E-MTAB-7803		ERR3288715	characteristic	cell type	dendritic cell	http://purl.obolibrary.org/obo/CL_0000451
E-MTAB-7803		ERR3288715	characteristic	developmental stage	adult	http://www.ebi.ac.uk/efo/EFO_0001272
E-MTAB-7803		ERR3288715	characteristic	disease	normal	http://purl.obolibrary.org/obo/PATO_0000461
E-MTAB-7803		ERR3288715	characteristic	individual	D11
E-MTAB-7803		ERR3288715	characteristic	organism	Homo sapiens	http://purl.obolibrary.org/obo/NCBITaxon_9606
E-MTAB-7803		ERR3288715	characteristic	organism part	blood	http://purl.obolibrary.org/obo/UBERON_0000178
E-MTAB-7803		ERR3288715	factor	infect	Influenza A virus (A/California/07-00001/2009(H1N1))
E-MTAB-7803		ERR3288715	factor	stimulus	none	http://www.ebi.ac.uk/efo/EFO_0001461
E-MTAB-7803		ERR3288715	factor	compound	poly(I:C)
E-MTAB-7803		ERR3288715	factor	dose	25 microgram per milliliter
E-MTAB-7803		ERR3288716	characteristic	cell type	dendritic cell	http://purl.obolibrary.org/obo/CL_0000451
E-MTAB-7803		ERR3288716	characteristic	developmental stage	adult	http://www.ebi.ac.uk/efo/EFO_0001272
E-MTAB-7803		ERR3288716	characteristic	disease	normal	http://purl.obolibrary.org/obo/PATO_0000461
E-MTAB-7803		ERR3288716	characteristic	individual	D11
E-MTAB-7803		ERR3288716	characteristic	organism	Homo sapiens	http://purl.obolibrary.org/obo/NCBITaxon_9606
E-MTAB-7803		ERR3288716	characteristic	organism part	blood	http://purl.obolibrary.org/obo/UBERON_0000178
E-MTAB-7803		ERR3288716	factor	infect	Influenza A virus (A/California/07-00001/2009(H1N1))
E-MTAB-7803		ERR3288716	factor	stimulus	none	http://www.ebi.ac.uk/efo/EFO_0001461
E-MTAB-7803		ERR3288716	factor	compound	poly(I:C)
E-MTAB-7803		ERR3288716	factor	dose	25 microgram per milliliter
E-MTAB-7803		ERR3288717	characteristic	cell type	dendritic cell	http://purl.obolibrary.org/obo/CL_0000451
E-MTAB-7803		ERR3288717	characteristic	developmental stage	adult	http://www.ebi.ac.uk/efo/EFO_0001272
E-MTAB-7803		ERR3288717	characteristic	disease	normal	http://purl.obolibrary.org/obo/PATO_0000461
E-MTAB-7803		ERR3288717	characteristic	individual	D11
E-MTAB-7803		ERR3288717	characteristic	organism	Homo sapiens	http://purl.obolibrary.org/obo/NCBITaxon_9606
E-MTAB-7803		ERR3288717	characteristic	organism part	blood	http://purl.obolibrary.org/obo/UBERON_0000178
E-MTAB-7803		ERR3288717	factor	infect	Influenza A virus (A/California/07-00001/2009(H1N1))
E-MTAB-7803		ERR3288717	factor	stimulus	none	http://www.ebi.ac.uk/efo/EFO_0001461
E-MTAB-7803		ERR3288717	factor	compound	poly(I:C)
E-MTAB-7803		ERR3288717	factor	dose	25 microgram per milliliter
E-MTAB-7803		ERR3288718	characteristic	cell type	dendritic cell	http://purl.obolibrary.org/obo/CL_0000451
E-MTAB-7803		ERR3288718	characteristic	developmental stage	adult	http://www.ebi.ac.uk/efo/EFO_0001272
E-MTAB-7803		ERR3288718	characteristic	disease	normal	http://purl.obolibrary.org/obo/PATO_0000461
E-MTAB-7803		ERR3288718	characteristic	individual	D11
E-MTAB-7803		ERR3288718	characteristic	organism	Homo sapiens	http://purl.obolibrary.org/obo/NCBITaxon_9606
E-MTAB-7803		ERR3288718	characteristic	organism part	blood	http://purl.obolibrary.org/obo/UBERON_0000178
E-MTAB-7803		ERR3288718	factor	infect	Influenza A virus (A/California/07-00001/2009(H1N1))
E-MTAB-7803		ERR3288718	factor	stimulus	none	http://www.ebi.ac.uk/efo/EFO_0001461
E-MTAB-7803		ERR3288718	factor	compound	poly(I:C)
E-MTAB-7803		ERR3288718	factor	dose	25 microgram per milliliter
E-MTAB-7803		ERR3288719	characteristic	cell type	dendritic cell	http://purl.obolibrary.org/obo/CL_0000451
E-MTAB-7803		ERR3288719	characteristic	developmental stage	adult	http://www.ebi.ac.uk/efo/EFO_0001272
E-MTAB-7803		ERR3288719	characteristic	disease	normal	http://purl.obolibrary.org/obo/PATO_0000461
E-MTAB-7803		ERR3288719	characteristic	individual	D11
E-MTAB-7803		ERR3288719	characteristic	organism	Homo sapiens	http://purl.obolibrary.org/obo/NCBITaxon_9606
E-MTAB-7803		ERR3288719	characteristic	organism part	blood	http://purl.obolibrary.org/obo/UBERON_0000178
E-MTAB-7803		ERR3288719	factor	infect	Influenza A virus (A/California/07-00001/2009(H1N1))
E-MTAB-7803		ERR3288719	factor	stimulus	none	http://www.ebi.ac.uk/efo/EFO_0001461
E-MTAB-7803		ERR3288719	factor	compound	poly(I:C)
E-MTAB-7803		ERR3288719	factor	dose	25 microgram per milliliter
E-MTAB-7803		ERR3288720	characteristic	cell type	dendritic cell	http://purl.obolibrary.org/obo/CL_0000451
E-MTAB-7803		ERR3288720	characteristic	developmental stage	adult	http://www.ebi.ac.uk/efo/EFO_0001272
E-MTAB-7803		ERR3288720	characteristic	disease	normal	http://purl.obolibrary.org/obo/PATO_0000461
E-MTAB-7803		ERR3288720	characteristic	individual	D10
E-MTAB-7803		ERR3288720	characteristic	organism	Homo sapiens	http://purl.obolibrary.org/obo/NCBITaxon_9606
E-MTAB-7803		ERR3288720	characteristic	organism part	blood	http://purl.obolibrary.org/obo/UBERON_0000178
E-MTAB-7803		ERR3288720	factor	infect	none	http://www.ebi.ac.uk/efo/EFO_0001461
E-MTAB-7803		ERR3288720	factor	stimulus	none	http://www.ebi.ac.uk/efo/EFO_0001461
E-MTAB-7803		ERR3288720	factor	compound	poly(I:C)
E-MTAB-7803		ERR3288720	factor	dose	25 microgram per milliliter
E-MTAB-7803		ERR3288721	characteristic	cell type	dendritic cell	http://purl.obolibrary.org/obo/CL_0000451
E-MTAB-7803		ERR3288721	characteristic	developmental stage	adult	http://www.ebi.ac.uk/efo/EFO_0001272
E-MTAB-7803		ERR3288721	characteristic	disease	normal	http://purl.obolibrary.org/obo/PATO_0000461
E-MTAB-7803		ERR3288721	characteristic	individual	D10
E-MTAB-7803		ERR3288721	characteristic	organism	Homo sapiens	http://purl.obolibrary.org/obo/NCBITaxon_9606
E-MTAB-7803		ERR3288721	characteristic	organism part	blood	http://purl.obolibrary.org/obo/UBERON_0000178
E-MTAB-7803		ERR3288721	factor	infect	none	http://www.ebi.ac.uk/efo/EFO_0001461
E-MTAB-7803		ERR3288721	factor	stimulus	none	http://www.ebi.ac.uk/efo/EFO_0001461
E-MTAB-7803		ERR3288721	factor	compound	poly(I:C)
E-MTAB-7803		ERR3288721	factor	dose	25 microgram per milliliter
E-MTAB-7803		ERR3288722	characteristic	cell type	dendritic cell	http://purl.obolibrary.org/obo/CL_0000451
E-MTAB-7803		ERR3288722	characteristic	developmental stage	adult	http://www.ebi.ac.uk/efo/EFO_0001272
E-MTAB-7803		ERR3288722	characteristic	disease	normal	http://purl.obolibrary.org/obo/PATO_0000461
E-MTAB-7803		ERR3288722	characteristic	individual	D10
E-MTAB-7803		ERR3288722	characteristic	organism	Homo sapiens	http://purl.obolibrary.org/obo/NCBITaxon_9606
E-MTAB-7803		ERR3288722	characteristic	organism part	blood	http://purl.obolibrary.org/obo/UBERON_0000178
E-MTAB-7803		ERR3288722	factor	infect	none	http://www.ebi.ac.uk/efo/EFO_0001461
E-MTAB-7803		ERR3288722	factor	stimulus	none	http://www.ebi.ac.uk/efo/EFO_0001461
E-MTAB-7803		ERR3288722	factor	compound	poly(I:C)
E-MTAB-7803		ERR3288722	factor	dose	25 microgram per milliliter
E-MTAB-7803		ERR3288723	characteristic	cell type	dendritic cell	http://purl.obolibrary.org/obo/CL_0000451
E-MTAB-7803		ERR3288723	characteristic	developmental stage	adult	http://www.ebi.ac.uk/efo/EFO_0001272
E-MTAB-7803		ERR3288723	characteristic	disease	normal	http://purl.obolibrary.org/obo/PATO_0000461
E-MTAB-7803		ERR3288723	characteristic	individual	D10
E-MTAB-7803		ERR3288723	characteristic	organism	Homo sapiens	http://purl.obolibrary.org/obo/NCBITaxon_9606
E-MTAB-7803		ERR3288723	characteristic	organism part	blood	http://purl.obolibrary.org/obo/UBERON_0000178
E-MTAB-7803		ERR3288723	factor	infect	none	http://www.ebi.ac.uk/efo/EFO_0001461
E-MTAB-7803		ERR3288723	factor	stimulus	none	http://www.ebi.ac.uk/efo/EFO_0001461
E-MTAB-7803		ERR3288723	factor	compound	poly(I:C)
E-MTAB-7803		ERR3288723	factor	dose	25 microgram per milliliter
E-MTAB-7803		ERR3288724	characteristic	cell type	dendritic cell	http://purl.obolibrary.org/obo/CL_0000451
E-MTAB-7803		ERR3288724	characteristic	developmental stage	adult	http://www.ebi.ac.uk/efo/EFO_0001272
E-MTAB-7803		ERR3288724	characteristic	disease	normal	http://purl.obolibrary.org/obo/PATO_0000461
E-MTAB-7803		ERR3288724	characteristic	individual	D10
E-MTAB-7803		ERR3288724	characteristic	organism	Homo sapiens	http://purl.obolibrary.org/obo/NCBITaxon_9606
E-MTAB-7803		ERR3288724	characteristic	organism part	blood	http://purl.obolibrary.org/obo/UBERON_0000178
E-MTAB-7803		ERR3288724	factor	infect	none	http://www.ebi.ac.uk/efo/EFO_0001461
E-MTAB-7803		ERR3288724	factor	stimulus	none	http://www.ebi.ac.uk/efo/EFO_0001461
E-MTAB-7803		ERR3288724	factor	compound	poly(I:C)
E-MTAB-7803		ERR3288724	factor	dose	25 microgram per milliliter
E-MTAB-7803		ERR3288725	characteristic	cell type	dendritic cell	http://purl.obolibrary.org/obo/CL_0000451
E-MTAB-7803		ERR3288725	characteristic	developmental stage	adult	http://www.ebi.ac.uk/efo/EFO_0001272
E-MTAB-7803		ERR3288725	characteristic	disease	normal	http://purl.obolibrary.org/obo/PATO_0000461
E-MTAB-7803		ERR3288725	characteristic	individual	D11
E-MTAB-7803		ERR3288725	characteristic	organism	Homo sapiens	http://purl.obolibrary.org/obo/NCBITaxon_9606
E-MTAB-7803		ERR3288725	characteristic	organism part	blood	http://purl.obolibrary.org/obo/UBERON_0000178
E-MTAB-7803		ERR3288725	factor	infect	none	http://www.ebi.ac.uk/efo/EFO_0001461
E-MTAB-7803		ERR3288725	factor	stimulus	none	http://www.ebi.ac.uk/efo/EFO_0001461
E-MTAB-7803		ERR3288725	factor	compound	poly(I:C)
E-MTAB-7803		ERR3288725	factor	dose	25 microgram per milliliter
E-MTAB-7803		ERR3288726	characteristic	cell type	dendritic cell	http://purl.obolibrary.org/obo/CL_0000451
E-MTAB-7803		ERR3288726	characteristic	developmental stage	adult	http://www.ebi.ac.uk/efo/EFO_0001272
E-MTAB-7803		ERR3288726	characteristic	disease	normal	http://purl.obolibrary.org/obo/PATO_0000461
E-MTAB-7803		ERR3288726	characteristic	individual	D11
E-MTAB-7803		ERR3288726	characteristic	organism	Homo sapiens	http://purl.obolibrary.org/obo/NCBITaxon_9606
E-MTAB-7803		ERR3288726	characteristic	organism part	blood	http://purl.obolibrary.org/obo/UBERON_0000178
E-MTAB-7803		ERR3288726	factor	infect	none	http://www.ebi.ac.uk/efo/EFO_0001461
E-MTAB-7803		ERR3288726	factor	stimulus	none	http://www.ebi.ac.uk/efo/EFO_0001461
E-MTAB-7803		ERR3288726	factor	compound	poly(I:C)
E-MTAB-7803		ERR3288726	factor	dose	25 microgram per milliliter
E-MTAB-7803		ERR3288727	characteristic	cell type	dendritic cell	http://purl.obolibrary.org/obo/CL_0000451
E-MTAB-7803		ERR3288727	characteristic	developmental stage	adult	http://www.ebi.ac.uk/efo/EFO_0001272
E-MTAB-7803		ERR3288727	characteristic	disease	normal	http://purl.obolibrary.org/obo/PATO_0000461
E-MTAB-7803		ERR3288727	characteristic	individual	D11
E-MTAB-7803		ERR3288727	characteristic	organism	Homo sapiens	http://purl.obolibrary.org/obo/NCBITaxon_9606
E-MTAB-7803		ERR3288727	characteristic	organism part	blood	http://purl.obolibrary.org/obo/UBERON_0000178
E-MTAB-7803		ERR3288727	factor	infect	none	http://www.ebi.ac.uk/efo/EFO_0001461
E-MTAB-7803		ERR3288727	factor	stimulus	none	http://www.ebi.ac.uk/efo/EFO_0001461
E-MTAB-7803		ERR3288727	factor	compound	poly(I:C)
E-MTAB-7803		ERR3288727	factor	dose	25 microgram per milliliter
E-MTAB-7803		ERR3288728	characteristic	cell type	dendritic cell	http://purl.obolibrary.org/obo/CL_0000451
E-MTAB-7803		ERR3288728	characteristic	developmental stage	adult	http://www.ebi.ac.uk/efo/EFO_0001272
E-MTAB-7803		ERR3288728	characteristic	disease	normal	http://purl.obolibrary.org/obo/PATO_0000461
E-MTAB-7803		ERR3288728	characteristic	individual	D11
E-MTAB-7803		ERR3288728	characteristic	organism	Homo sapiens	http://purl.obolibrary.org/obo/NCBITaxon_9606
E-MTAB-7803		ERR3288728	characteristic	organism part	blood	http://purl.obolibrary.org/obo/UBERON_0000178
E-MTAB-7803		ERR3288728	factor	infect	none	http://www.ebi.ac.uk/efo/EFO_0001461
E-MTAB-7803		ERR3288728	factor	stimulus	none	http://www.ebi.ac.uk/efo/EFO_0001461
E-MTAB-7803		ERR3288728	factor	compound	poly(I:C)
E-MTAB-7803		ERR3288728	factor	dose	25 microgram per milliliter
E-MTAB-7803		ERR3288729	characteristic	cell type	dendritic cell	http://purl.obolibrary.org/obo/CL_0000451
E-MTAB-7803		ERR3288729	characteristic	developmental stage	adult	http://www.ebi.ac.uk/efo/EFO_0001272
E-MTAB-7803		ERR3288729	characteristic	disease	normal	http://purl.obolibrary.org/obo/PATO_0000461
E-MTAB-7803		ERR3288729	characteristic	individual	D11
E-MTAB-7803		ERR3288729	characteristic	organism	Homo sapiens	http://purl.obolibrary.org/obo/NCBITaxon_9606
E-MTAB-7803		ERR3288729	characteristic	organism part	blood	http://purl.obolibrary.org/obo/UBERON_0000178
E-MTAB-7803		ERR3288729	factor	infect	none	http://www.ebi.ac.uk/efo/EFO_0001461
E-MTAB-7803		ERR3288729	factor	stimulus	none	http://www.ebi.ac.uk/efo/EFO_0001461
E-MTAB-7803		ERR3288729	factor	compound	poly(I:C)
E-MTAB-7803		ERR3288729	factor	dose	25 microgram per milliliter
E-MTAB-7803		ERR3288730	characteristic	cell type	dendritic cell	http://purl.obolibrary.org/obo/CL_0000451
E-MTAB-7803		ERR3288730	characteristic	developmental stage	adult	http://www.ebi.ac.uk/efo/EFO_0001272
E-MTAB-7803		ERR3288730	characteristic	disease	normal	http://purl.obolibrary.org/obo/PATO_0000461
E-MTAB-7803		ERR3288730	characteristic	individual	D11
E-MTAB-7803		ERR3288730	characteristic	organism	Homo sapiens	http://purl.obolibrary.org/obo/NCBITaxon_9606
E-MTAB-7803		ERR3288730	characteristic	organism part	blood	http://purl.obolibrary.org/obo/UBERON_0000178
E-MTAB-7803		ERR3288730	factor	infect	Influenza A virus (A/California/07-00001/2009(H1N1))
E-MTAB-7803		ERR3288730	factor	stimulus	none	http://www.ebi.ac.uk/efo/EFO_0001461
E-MTAB-7803		ERR3288730	factor	compound	none	http://www.ebi.ac.uk/efo/EFO_0001461
E-MTAB-7803		ERR3288731	characteristic	cell type	dendritic cell	http://purl.obolibrary.org/obo/CL_0000451
E-MTAB-7803		ERR3288731	characteristic	developmental stage	adult	http://www.ebi.ac.uk/efo/EFO_0001272
E-MTAB-7803		ERR3288731	characteristic	disease	normal	http://purl.obolibrary.org/obo/PATO_0000461
E-MTAB-7803		ERR3288731	characteristic	individual	D11
E-MTAB-7803		ERR3288731	characteristic	organism	Homo sapiens	http://purl.obolibrary.org/obo/NCBITaxon_9606
E-MTAB-7803		ERR3288731	characteristic	organism part	blood	http://purl.obolibrary.org/obo/UBERON_0000178
E-MTAB-7803		ERR3288731	factor	infect	Influenza A virus (A/California/07-00001/2009(H1N1))
E-MTAB-7803		ERR3288731	factor	stimulus	none	http://www.ebi.ac.uk/efo/EFO_0001461
E-MTAB-7803		ERR3288731	factor	compound	none	http://www.ebi.ac.uk/efo/EFO_0001461
E-MTAB-7803		ERR3288732	characteristic	cell type	dendritic cell	http://purl.obolibrary.org/obo/CL_0000451
E-MTAB-7803		ERR3288732	characteristic	developmental stage	adult	http://www.ebi.ac.uk/efo/EFO_0001272
E-MTAB-7803		ERR3288732	characteristic	disease	normal	http://purl.obolibrary.org/obo/PATO_0000461
E-MTAB-7803		ERR3288732	characteristic	individual	D11
E-MTAB-7803		ERR3288732	characteristic	organism	Homo sapiens	http://purl.obolibrary.org/obo/NCBITaxon_9606
E-MTAB-7803		ERR3288732	characteristic	organism part	blood	http://purl.obolibrary.org/obo/UBERON_0000178
E-MTAB-7803		ERR3288732	factor	infect	Influenza A virus (A/California/07-00001/2009(H1N1))
E-MTAB-7803		ERR3288732	factor	stimulus	none	http://www.ebi.ac.uk/efo/EFO_0001461
E-MTAB-7803		ERR3288732	factor	compound	none	http://www.ebi.ac.uk/efo/EFO_0001461
E-MTAB-7803		ERR3288733	characteristic	cell type	dendritic cell	http://purl.obolibrary.org/obo/CL_0000451
E-MTAB-7803		ERR3288733	characteristic	developmental stage	adult	http://www.ebi.ac.uk/efo/EFO_0001272
E-MTAB-7803		ERR3288733	characteristic	disease	normal	http://purl.obolibrary.org/obo/PATO_0000461
E-MTAB-7803		ERR3288733	characteristic	individual	D11
E-MTAB-7803		ERR3288733	characteristic	organism	Homo sapiens	http://purl.obolibrary.org/obo/NCBITaxon_9606
E-MTAB-7803		ERR3288733	characteristic	organism part	blood	http://purl.obolibrary.org/obo/UBERON_0000178
E-MTAB-7803		ERR3288733	factor	infect	Influenza A virus (A/California/07-00001/2009(H1N1))
E-MTAB-7803		ERR3288733	factor	stimulus	none	http://www.ebi.ac.uk/efo/EFO_0001461
E-MTAB-7803		ERR3288733	factor	compound	none	http://www.ebi.ac.uk/efo/EFO_0001461
E-MTAB-7803		ERR3288734	characteristic	cell type	dendritic cell	http://purl.obolibrary.org/obo/CL_0000451
E-MTAB-7803		ERR3288734	characteristic	developmental stage	adult	http://www.ebi.ac.uk/efo/EFO_0001272
E-MTAB-7803		ERR3288734	characteristic	disease	normal	http://purl.obolibrary.org/obo/PATO_0000461
E-MTAB-7803		ERR3288734	characteristic	individual	D11
E-MTAB-7803		ERR3288734	characteristic	organism	Homo sapiens	http://purl.obolibrary.org/obo/NCBITaxon_9606
E-MTAB-7803		ERR3288734	characteristic	organism part	blood	http://purl.obolibrary.org/obo/UBERON_0000178
E-MTAB-7803		ERR3288734	factor	infect	Influenza A virus (A/California/07-00001/2009(H1N1))
E-MTAB-7803		ERR3288734	factor	stimulus	none	http://www.ebi.ac.uk/efo/EFO_0001461
E-MTAB-7803		ERR3288734	factor	compound	none	http://www.ebi.ac.uk/efo/EFO_0001461
